{"stats":{"minecraft:mined":{"minecraft:acacia_log":3},"minecraft:picked_up":{"minecraft:acacia_log":3},"minecraft:custom":{"minecraft:jump":27,"minecraft:time_since_rest":4854,"minecraft:damage_taken":20,"minecraft:leave_game":2,"minecraft:play_time":4854,"minecraft:sprint_one_cm":6893,"minecraft:time_since_death":4854,"minecraft:walk_on_water_one_cm":1783,"minecraft:walk_one_cm":2139,"minecraft:sneak_time":339,"minecraft:total_world_time":4854,"minecraft:walk_under_water_one_cm":1284,"minecraft:fall_one_cm":822,"minecraft:fly_one_cm":50761}},"DataVersion":3465}