{"stats":{"minecraft:mined":{"minecraft:diamond_ore":2,"minecraft:tuff":1,"minecraft:granite":13,"minecraft:grass_block":1,"minecraft:jungle_log":31,"minecraft:lapis_ore":1,"minecraft:moss_block":2,"minecraft:oak_planks":1,"minecraft:diorite":11,"minecraft:redstone_ore":2,"minecraft:iron_ore":36,"minecraft:andesite":15,"minecraft:grass":5,"minecraft:vine":2,"minecraft:coal_ore":37,"minecraft:deepslate_iron_ore":14,"minecraft:stone":42,"minecraft:fern":1,"minecraft:deepslate":6},"minecraft:crafted":{"minecraft:jungle_planks":112},"minecraft:killed":{"minecraft:cave_spider":1,"minecraft:spider":1,"minecraft:creeper":1,"minecraft:skeleton":2,"minecraft:sheep":3,"grimoireofgaia:mimic":1,"minecraft:zombie":2,"grimoireofgaia:flesh_lich":1},"minecraft:killed_by":{"grimoireofgaia:shaman":1,"grimoireofgaia:bone_knight":3,"minecraft:cave_spider":1,"grimoireofgaia:deathword":1,"minecraft:zombie":1,"grimoireofgaia:cobble_golem":1,"grimoireofgaia:creep":1},"minecraft:dropped":{"minecraft:cobbled_deepslate":4,"minecraft:cocoa_beans":10,"minecraft:oak_planks":1,"patchouli:guide_book":1,"minecraft:diorite":11},"minecraft:used":{"minecraft:netherite_sword":76,"minecraft:diamond_axe":42,"tombstone:scroll_of_feather_fall":1,"minecraft:jungle_planks":10,"minecraft:netherite_pickaxe":183},"minecraft:picked_up":{"minecraft:cocoa_beans":10,"minecraft:jungle_log":28,"minecraft:andesite":22,"minecraft:tuff":1,"minecraft:gunpowder":2,"minecraft:lapis_lazuli":9,"minecraft:dirt":1,"minecraft:string":1,"minecraft:moss_carpet":2,"minecraft:gold_nugget":1,"minecraft:cobbled_deepslate":6,"minecraft:jungle_sapling":2,"minecraft:iron_nugget":1,"minecraft:moss_block":9,"minecraft:oak_planks":1,"minecraft:stick":1,"minecraft:raw_iron":50,"apotheosis:gem":13,"patchouli:guide_book":1,"tombstone:grave_dust":2,"minecraft:diorite":11,"minecraft:redstone":10,"minecraft:arrow":1,"minecraft:rotten_flesh":1,"minecraft:diamond":2,"minecraft:granite":13,"minecraft:white_wool":3,"minecraft:mutton":5,"minecraft:coal":34,"minecraft:rail":1,"minecraft:cobblestone":43},"minecraft:custom":{"minecraft:mob_kills":12,"minecraft:damage_dealt_resisted":18,"minecraft:leave_game":1,"minecraft:time_since_death":50,"minecraft:climb_one_cm":219,"minecraft:damage_resisted":0,"minecraft:time_since_rest":1,"minecraft:sprint_one_cm":44538,"minecraft:damage_taken":2636,"minecraft:walk_one_cm":55560,"minecraft:drop":14,"minecraft:damage_dealt":3839,"tombstone:cast_on_ally":0,"minecraft:fly_one_cm":21906,"minecraft:crouch_one_cm":5933,"minecraft:play_time":29622,"tombstone:undead_killed":5,"minecraft:deaths":10,"minecraft:sneak_time":2561,"minecraft:walk_under_water_one_cm":2022,"minecraft:jump":194,"minecraft:walk_on_water_one_cm":3597,"minecraft:total_world_time":29622,"minecraft:fall_one_cm":9968}},"DataVersion":3465}