{"stats":{"minecraft:crafted":{"minecraft:iron_axe":1,"minecraft:chest":2,"minecraft:crafting_table":1,"minecraft:spruce_planks":236,"minecraft:iron_ingot":9},"minecraft:used":{"tombstone:scroll_of_unstable_intangibility":3,"minecraft:spruce_planks":163,"minecraft:chest":2,"tombstone:fishing_rod_of_misadventure":3,"minecraft:dirt":15,"minecraft:anvil":3,"ironchest:diamond_chest":3,"enchantinginfuser:advanced_enchanting_infuser":2,"armorplus:infused_lava_sword":349,"jitl:loot_pouch":1,"tombstone:ankh_of_pray":6,"minecraft:iron_axe":306,"minecraft:bow":2,"minecraft:oak_sapling":28,"minecraft:cooked_cod":1,"tombstone:gift":18,"minecraft:cooked_beef":23,"armorplus:infused_lava_pickaxe":176,"tombstone:scroll_of_reach":4,"tombstone:decorative_grave_cross":3,"minecraft:crafting_table":1,"new_xp_ore:raw_experience":2,"minecraft:spruce_log":64,"minecraft:diamond_pickaxe":28,"minecraft:apple":3,"editenchanting:enchantment_edit_table":1,"minecraft:smithing_table":1},"minecraft:killed_by":{"minecraft:spider":1,"grimoireofgaia:flesh_lich":1,"grimoireofgaia:bone_knight":2,"jitl:boomboom":1,"grimoireofgaia:naga":1},"minecraft:mined":{"minecraft:crying_obsidian":1,"minecraft:spruce_planks":3,"minecraft:white_bed":1,"minecraft:oak_sapling":1,"minecraft:candle":1,"minecraft:obsidian":5,"gobber2:gobber2_ore_deepslate":17,"jitl:deepslate_lunium_ore":3,"minecraft:hay_block":17,"minecraft:bookshelf":52,"minecraft:deepslate_iron_ore":9,"minecraft:iron_bars":3,"minecraft:stone":1,"minecraft:iron_block":1,"minecraft:deepslate_redstone_ore":3,"minecraft:crafting_table":1,"minecraft:andesite_wall":1,"minecraft:tall_grass":7,"minecraft:copper_ore":1,"minecraft:deepslate_gold_ore":18,"minecraft:diorite":7,"minecraft:cobblestone_wall":1,"minecraft:spruce_log":244,"minecraft:tnt":3,"jitl:iridium_ore":6,"minecraft:grass":24,"new_xp_ore:xp_ore":2,"minecraft:coal_ore":18,"minecraft:dirt":1,"minecraft:cobweb":30,"minecraft:netherrack":3,"minecraft:emerald_block":1,"minecraft:deepslate":57},"minecraft:custom":{"minecraft:mob_kills":101,"minecraft:interact_with_crafting_table":2,"minecraft:open_barrel":5,"minecraft:damage_dealt_resisted":415,"minecraft:leave_game":2,"minecraft:time_since_death":25461,"minecraft:climb_one_cm":2565,"minecraft:damage_resisted":0,"minecraft:sprint_one_cm":119651,"minecraft:walk_one_cm":205535,"minecraft:drop":42,"minecraft:talked_to_villager":1,"minecraft:play_time":87914,"minecraft:deaths":6,"minecraft:sneak_time":5224,"minecraft:walk_under_water_one_cm":21952,"minecraft:jump":786,"minecraft:walk_on_water_one_cm":19420,"minecraft:enchant_item":7,"minecraft:total_world_time":87914,"minecraft:interact_with_furnace":3,"tombstone:raider_killed":4,"tombstone:pray_on_grave":1,"minecraft:time_since_rest":25317,"minecraft:waystone_activated":1,"minecraft:damage_taken":3750,"minecraft:trigger_trapped_chest":1,"minecraft:damage_dealt":29701,"tombstone:cast_on_ally":0,"minecraft:fly_one_cm":165895,"minecraft:open_chest":52,"minecraft:crouch_one_cm":18918,"tombstone:undead_killed":34,"minecraft:interact_with_smoker":1,"minecraft:fall_one_cm":17033},"minecraft:killed":{"minecraft:evoker":1,"minecraft:vex":6,"grimoireofgaia:mermaid":1,"minecraft:witch":1,"minecraft:vindicator":2,"minecraft:spider":15,"grimoireofgaia:minotaur":2,"grimoireofgaia:minotaurus":8,"grimoireofgaia:centaur":1,"minecraft:skeleton":13,"minecraft:chicken":1,"minecraft:drowned":4,"minecraft:zombie_villager":1,"minecraft:creeper":9,"minecraft:squid":1,"minecraft:polar_bear":1,"minecraft:sheep":2,"minecraft:zombie":16,"grimoireofgaia:harpy":7,"jitl:boomboom":3,"grimoireofgaia:kobold":2},"minecraft:broken":{"minecraft:iron_leggings":1,"minecraft:iron_axe":1},"minecraft:dropped":{"grimoireofgaia:diamond_shard":1,"grimoireofgaia:emerald_shard":4,"minecraft:cobblestone":1,"minecraft:book":1,"tombstone:tablet_of_assistance":1,"grimoireofgaia:shiny_pearl":1,"minecraft:ink_sac":2,"minecraft:mutton":1,"tombstone:grave_dust":19,"minecraft:gold_nugget":4,"tombstone:fishing_rod_of_misadventure":2,"minecraft:string":3,"minecraft:bone":4,"tombstone:seeker_rod":2,"minecraft:stone_axe":1,"minecraft:iron_nugget":3,"minecraft:cobbled_deepslate":31,"minecraft:rotten_flesh":2,"tombstone:rabbit_mask":1,"minecraft:potato":29,"grimoireofgaia:golden_apple_pie_slice":1,"minecraft:spruce_planks":66,"apotheosis:gem":1,"minecraft:spider_eye":8,"minecraft:spruce_log":115,"minecraft:netherrack":2},"minecraft:picked_up":{"minecraft:music_disc_strad":1,"minecraft:crafting_table":1,"minecraft:string":36,"jitl:iridium_nugget":6,"minecraft:iron_leggings":1,"minecraft:cobbled_deepslate":31,"minecraft:gold_nugget":5,"minecraft:candle":3,"minecraft:spruce_planks":51,"minecraft:iron_nugget":3,"minecraft:stick":17,"minecraft:raw_iron":9,"grimoireofgaia:diamond_shard":1,"apotheosis:gem":5,"new_xp_ore:raw_experience":2,"jitl:lunium_powder":3,"tombstone:grave_dust":2,"minecraft:diorite":2,"minecraft:tnt":4,"minecraft:arrow":16,"minecraft:rotten_flesh":8,"minecraft:cooked_cod":1,"minecraft:hay_block":17,"minecraft:iron_block":1,"minecraft:totem_of_undying":1,"minecraft:mutton":1,"minecraft:obsidian":5,"tombstone:seeker_rod":1,"minecraft:white_wool":2,"minecraft:cobblestone":1,"minecraft:leather_chestplate":1,"minecraft:leather":8,"minecraft:potato":29,"minecraft:gunpowder":4,"tombstone:decorative_grave_cross":2,"minecraft:dirt":15,"minecraft:lantern":1,"minecraft:bone":13,"minecraft:apple":4,"minecraft:bow":1,"minecraft:raw_gold":17,"grimoireofgaia:golden_apple_pie_slice":2,"minecraft:iron_ingot":6,"gobber2:gobber2_globette":17,"minecraft:book":155,"minecraft:emerald_block":1,"grimoireofgaia:emerald_shard":6,"minecraft:ink_sac":2,"minecraft:white_bed":1,"minecraft:spruce_log":255,"minecraft:crying_obsidian":1,"minecraft:spider_eye":13,"grimoireofgaia:shiny_pearl":1,"minecraft:stone_axe":1,"minecraft:emerald":2,"minecraft:bread":1,"minecraft:oak_sapling":28,"minecraft:netherrack":2,"minecraft:coal":17,"grimoireofgaia:fur":2}},"DataVersion":3465}