{"stats":{"minecraft:killed_by":{"minecraft:skeleton":1,"minecraft:creeper":1,"grimoireofgaia:flesh_lich":2},"minecraft:mined":{"minecraft:deepslate_redstone_ore":1,"minecraft:tuff":12,"minecraft:deepslate_diamond_ore":4,"armorplus:ore_lava_crystal_stone":7,"minecraft:obsidian":2,"minecraft:acacia_log":26,"minecraft:grass_block":4,"armorplus:ore_lava_crystal":3,"jitl:deepslate_shadium_ore":1,"minecraft:deepslate_gold_ore":6,"minecraft:spawner":1,"minecraft:furnace":6,"jitl:deepslate_iridium_ore":5,"minecraft:iron_ore":32,"minecraft:andesite":2,"minecraft:grass":4,"minecraft:coal_ore":66,"minecraft:deepslate_iron_ore":10,"minecraft:vine":1,"minecraft:gravel":3,"minecraft:dirt":6,"minecraft:cobweb":12,"armorplus:ore_lava_crystal_obsidian":7,"jitl:deepslate_sapphire_ore":3,"minecraft:stone":171,"minecraft:deepslate":67},"minecraft:killed":{"minecraft:cave_spider":3,"minecraft:pig":4,"grimoireofgaia:bone_knight":1,"jitl:cavurn":1,"minecraft:spider":5,"minecraft:creeper":3,"minecraft:sheep":6,"minecraft:skeleton":5,"grimoireofgaia:mimic":1,"minecraft:pillager":2,"minecraft:zombie":10,"grimoireofgaia:deathword":1,"minecraft:chicken":1,"minecraft:drowned":1,"grimoireofgaia:flesh_lich":9,"minecraft:cow":8},"minecraft:custom":{"minecraft:interact_with_furnace":26,"minecraft:mob_kills":63,"tombstone:raider_killed":2,"minecraft:interact_with_crafting_table":14,"minecraft:damage_dealt_resisted":0,"minecraft:leave_game":7,"minecraft:time_since_death":35046,"minecraft:sleep_in_bed":1,"minecraft:damage_resisted":63,"minecraft:time_since_rest":827,"minecraft:sprint_one_cm":97513,"minecraft:damage_taken":3950,"minecraft:walk_one_cm":189736,"minecraft:drop":35,"minecraft:damage_dealt":17094,"minecraft:play_time":74632,"minecraft:fly_one_cm":112023,"minecraft:crouch_one_cm":19045,"minecraft:open_chest":3,"minecraft:sneak_time":8623,"tombstone:undead_killed":26,"minecraft:deaths":5,"minecraft:walk_under_water_one_cm":10607,"minecraft:jump":709,"minecraft:walk_on_water_one_cm":22778,"minecraft:total_world_time":74632,"minecraft:interact_with_smoker":1,"minecraft:fall_one_cm":14287},"minecraft:dropped":{"minecraft:lapis_lazuli":3,"minecraft:iron_nugget":1,"minecraft:stone_sword":2,"minecraft:cobbled_deepslate":26,"minecraft:tuff":1,"tombstone:gift":2,"minecraft:rotten_flesh":3,"minecraft:feather":2,"minecraft:cobblestone":12,"minecraft:leather_helmet":1,"minecraft:stick":6,"jitl:cave_dust":2,"minecraft:gunpowder":2,"minecraft:andesite":2,"minecraft:acacia_sapling":2,"minecraft:spider_eye":1,"minecraft:gold_nugget":7,"minecraft:arrow":4,"minecraft:wooden_pickaxe":1,"minecraft:stone_pickaxe":1,"minecraft:iron_pickaxe":1,"minecraft:paper":2,"minecraft:string":16,"minecraft:white_wool":6,"minecraft:lapis_block":1},"minecraft:picked_up":{"minecraft:wooden_axe":1,"minecraft:feather":2,"minecraft:chicken":1,"minecraft:andesite":2,"minecraft:leather":7,"jitl:sapphire":3,"minecraft:tuff":4,"minecraft:gunpowder":2,"minecraft:string":18,"minecraft:lapis_block":1,"minecraft:lapis_lazuli":7,"minecraft:dirt":28,"minecraft:paper":2,"tombstone:gift":1,"jitl:iridium_nugget":5,"armorplus:lava_crystal":5,"minecraft:gold_nugget":6,"minecraft:cobbled_deepslate":26,"minecraft:raw_gold":6,"minecraft:iron_ingot":4,"minecraft:beef":21,"jitl:raw_shadium":1,"minecraft:iron_nugget":1,"minecraft:iron_pickaxe":1,"minecraft:acacia_sapling":2,"minecraft:iron_boots":1,"minecraft:furnace":6,"grimoireofgaia:zombie_staff":2,"minecraft:raw_iron":41,"apotheosis:gem":13,"minecraft:copper_ingot":1,"minecraft:acacia_log":26,"minecraft:porkchop":6,"minecraft:spider_eye":4,"minecraft:leather_helmet":1,"minecraft:stone_sword":1,"minecraft:arrow":4,"minecraft:rotten_flesh":5,"minecraft:diamond":4,"jitl:cave_dust":2,"minecraft:emerald":1,"tombstone:magic_scroll":1,"minecraft:obsidian":2,"minecraft:mutton":10,"minecraft:coal":188,"minecraft:white_wool":6,"minecraft:cobblestone":178,"armorplus:lava_shard":48},"minecraft:used":{"minecraft:cooked_mutton":10,"minecraft:water_bucket":10,"minecraft:stone_sword":116,"minecraft:stone_pickaxe":100,"minecraft:wooden_pickaxe":25,"minecraft:iron_sword":192,"minecraft:rotten_flesh":2,"minecraft:dirt":32,"minecraft:crafting_table":8,"minecraft:wooden_axe":43,"minecraft:diamond_pickaxe":48,"minecraft:chicken":1,"minecraft:string":2,"minecraft:iron_pickaxe":250,"minecraft:cobblestone":59,"minecraft:beef":1,"minecraft:furnace":6,"minecraft:cooked_porkchop":6,"minecraft:bucket":11,"tombstone:gift":2,"minecraft:cooked_beef":11},"minecraft:broken":{"minecraft:iron_pickaxe":1,"minecraft:wooden_axe":1},"minecraft:crafted":{"minecraft:cooked_beef":20,"minecraft:cooked_porkchop":6,"minecraft:crafting_table":8,"minecraft:iron_helmet":1,"minecraft:wooden_pickaxe":1,"minecraft:iron_sword":1,"minecraft:furnace":2,"minecraft:bucket":1,"minecraft:cooked_mutton":10,"minecraft:air":0,"armorplus:lava_crystal":4,"minecraft:iron_chestplate":1,"minecraft:diamond_pickaxe":1,"minecraft:stick":20,"minecraft:iron_ingot":35,"minecraft:iron_pickaxe":2,"minecraft:stone_pickaxe":1,"minecraft:wooden_axe":1,"minecraft:stone_sword":1,"armorplus:obsidian_stick":4,"minecraft:iron_leggings":1,"minecraft:acacia_planks":104}},"DataVersion":3465}