{"stats":{"minecraft:crafted":{"minecraft:furnace":7,"minecraft:cooked_mutton":10,"armorplus:lava_crystal":4,"minecraft:iron_boots":1,"minecraft:stone_pickaxe":1,"minecraft:wheat":90,"minecraft:cooked_beef":20,"minecraft:cooked_porkchop":6,"minecraft:crafting_table":9,"minecraft:wooden_pickaxe":1,"minecraft:iron_helmet":2,"minecraft:iron_sword":1,"minecraft:bucket":1,"minecraft:bread":36,"minecraft:air":0,"minecraft:iron_chestplate":1,"minecraft:diamond_pickaxe":1,"minecraft:stick":20,"minecraft:iron_ingot":35,"minecraft:iron_pickaxe":2,"minecraft:wooden_axe":1,"minecraft:stone_sword":1,"armorplus:obsidian_stick":4,"minecraft:iron_leggings":2,"minecraft:acacia_planks":104},"minecraft:used":{"minecraft:stone_sword":116,"minecraft:iron_sword":311,"minecraft:rotten_flesh":2,"minecraft:iron_chestplate":1,"minecraft:dirt":32,"minecraft:anvil":2,"jitl:loot_pouch":1,"minecraft:wooden_axe":43,"minecraft:chipped_anvil":3,"minecraft:iron_helmet":1,"minecraft:iron_boots":1,"minecraft:beef":2,"minecraft:furnace":13,"tombstone:gift":2,"minecraft:cooked_beef":15,"minecraft:cooked_mutton":10,"minecraft:water_bucket":10,"minecraft:stone_pickaxe":100,"minecraft:wooden_pickaxe":25,"minecraft:golden_apple":1,"minecraft:crafting_table":9,"minecraft:diamond_pickaxe":76,"minecraft:chicken":1,"minecraft:bread":6,"minecraft:string":2,"minecraft:iron_pickaxe":250,"minecraft:cobblestone":82,"minecraft:cooked_porkchop":6,"minecraft:bucket":11,"minecraft:pumpkin_pie":3},"minecraft:killed_by":{"minecraft:creeper":1,"grimoireofgaia:flesh_lich":2,"minecraft:skeleton":1,"grimoireofgaia:harpy":1},"minecraft:mined":{"minecraft:tuff":12,"minecraft:deepslate_diamond_ore":4,"armorplus:ore_lava_crystal_stone":7,"minecraft:obsidian":2,"minecraft:acacia_log":26,"minecraft:grass_block":5,"armorplus:ore_lava_crystal":3,"minecraft:spawner":1,"minecraft:hay_block":10,"minecraft:furnace":6,"jitl:deepslate_iridium_ore":5,"minecraft:iron_ore":32,"minecraft:andesite":2,"minecraft:anvil":2,"minecraft:bookshelf":14,"minecraft:deepslate_iron_ore":10,"minecraft:vine":1,"armorplus:ore_lava_crystal_obsidian":7,"minecraft:stone":175,"jitl:deepslate_sapphire_ore":3,"minecraft:deepslate_redstone_ore":1,"jitl:deepslate_shadium_ore":1,"minecraft:deepslate_gold_ore":6,"minecraft:tnt":2,"minecraft:grass":5,"minecraft:coal_ore":84,"minecraft:gravel":3,"minecraft:dirt":7,"minecraft:cobweb":12,"minecraft:chipped_anvil":4,"minecraft:oak_leaves":2,"minecraft:deepslate":67},"minecraft:custom":{"minecraft:interact_with_smithing_table":1,"minecraft:interact_with_anvil":8,"minecraft:mob_kills":91,"minecraft:interact_with_crafting_table":20,"minecraft:open_barrel":35,"minecraft:damage_dealt_resisted":681,"minecraft:leave_game":7,"minecraft:time_since_death":30061,"minecraft:climb_one_cm":1820,"minecraft:damage_resisted":63,"minecraft:sprint_one_cm":176237,"minecraft:walk_one_cm":302945,"minecraft:drop":57,"minecraft:talked_to_villager":2,"minecraft:play_time":113932,"minecraft:deaths":6,"minecraft:sneak_time":10180,"minecraft:walk_under_water_one_cm":11594,"minecraft:jump":1071,"minecraft:walk_on_water_one_cm":28230,"minecraft:total_world_time":113932,"minecraft:interact_with_furnace":30,"tombstone:raider_killed":5,"minecraft:traded_with_villager":1,"minecraft:interact_with_stonecutter":1,"minecraft:sleep_in_bed":1,"minecraft:time_since_rest":29882,"minecraft:damage_taken":5046,"minecraft:trigger_trapped_chest":3,"minecraft:damage_dealt":25164,"minecraft:fly_one_cm":163038,"minecraft:open_chest":17,"minecraft:crouch_one_cm":23608,"tombstone:undead_killed":37,"minecraft:interact_with_smoker":1,"minecraft:fall_one_cm":20577},"minecraft:killed":{"grimoireofgaia:shaman":1,"minecraft:cave_spider":3,"minecraft:vindicator":1,"minecraft:spider":5,"minecraft:skeleton":9,"grimoireofgaia:mimic":1,"minecraft:chicken":1,"minecraft:drowned":1,"grimoireofgaia:flesh_lich":9,"minecraft:husk":6,"minecraft:pig":11,"grimoireofgaia:bone_knight":1,"jitl:cavurn":1,"minecraft:creeper":3,"minecraft:sheep":6,"minecraft:pillager":4,"minecraft:zombie":11,"grimoireofgaia:deathword":1,"grimoireofgaia:harpy":1,"minecraft:cow":13},"minecraft:broken":{"minecraft:iron_boots":1,"minecraft:iron_leggings":1,"minecraft:iron_pickaxe":1,"minecraft:iron_helmet":1,"minecraft:wooden_axe":1},"minecraft:dropped":{"minecraft:wheat_seeds":11,"minecraft:lapis_lazuli":3,"minecraft:oak_fence":3,"minecraft:feather":3,"minecraft:cobblestone":22,"minecraft:leather_helmet":1,"grimoireofgaia:rotten_heart":1,"minecraft:stick":6,"minecraft:dirt":2,"minecraft:iron_leggings":1,"minecraft:gold_nugget":7,"minecraft:iron_pickaxe":1,"minecraft:paper":2,"minecraft:string":20,"minecraft:white_wool":6,"minecraft:lapis_block":1,"minecraft:oak_door":1,"minecraft:iron_nugget":4,"minecraft:stone_sword":2,"minecraft:cobbled_deepslate":26,"minecraft:tuff":1,"tombstone:gift":2,"minecraft:rotten_flesh":3,"minecraft:oak_planks":1,"jitl:cave_dust":2,"minecraft:gunpowder":2,"minecraft:iron_chestplate":1,"minecraft:andesite":2,"grimoireofgaia:metal_dagger":1,"apotheosis:gem":1,"minecraft:oak_sapling":1,"minecraft:acacia_sapling":2,"minecraft:spider_eye":4,"minecraft:arrow":9,"minecraft:stone_pickaxe":1,"minecraft:wooden_pickaxe":1,"minecraft:splash_potion":1},"minecraft:picked_up":{"minecraft:wooden_axe":1,"minecraft:iron_chestplate":1,"minecraft:splash_potion":1,"minecraft:chicken":1,"minecraft:anvil":2,"minecraft:lapis_block":1,"minecraft:string":22,"jitl:iridium_nugget":5,"minecraft:gold_nugget":6,"minecraft:cobbled_deepslate":26,"minecraft:beef":35,"jitl:raw_shadium":1,"minecraft:iron_nugget":4,"minecraft:iron_pickaxe":1,"minecraft:furnace":6,"minecraft:iron_boots":1,"minecraft:raw_iron":41,"apotheosis:gem":15,"minecraft:oak_door":1,"minecraft:copper_ingot":1,"minecraft:oak_fence":3,"minecraft:acacia_log":26,"minecraft:porkchop":20,"minecraft:tnt":2,"minecraft:rotten_flesh":8,"minecraft:stone_sword":1,"minecraft:arrow":11,"jitl:loot_pouch":1,"minecraft:hay_block":10,"jitl:cave_dust":2,"minecraft:mutton":10,"minecraft:obsidian":2,"minecraft:white_wool":6,"minecraft:cobblestone":188,"grimoireofgaia:metal_dagger":1,"minecraft:feather":3,"minecraft:andesite":2,"minecraft:leather":13,"jitl:sapphire":3,"minecraft:tuff":4,"minecraft:oak_log":2,"minecraft:gunpowder":2,"minecraft:dirt":30,"minecraft:lapis_lazuli":7,"minecraft:paper":2,"tombstone:gift":1,"armorplus:lava_crystal":5,"minecraft:chipped_anvil":4,"minecraft:wheat_seeds":11,"minecraft:raw_gold":6,"minecraft:iron_ingot":4,"minecraft:oak_planks":1,"minecraft:acacia_sapling":2,"minecraft:book":42,"grimoireofgaia:zombie_staff":2,"grimoireofgaia:box_iron":1,"minecraft:spider_eye":4,"minecraft:leather_helmet":1,"minecraft:diamond":4,"grimoireofgaia:rotten_heart":1,"minecraft:emerald":4,"tombstone:magic_scroll":3,"minecraft:oak_sapling":1,"minecraft:coal":206,"armorplus:lava_shard":48}},"DataVersion":3465}