{"stats":{"minecraft:custom":{"minecraft:time_since_rest":8697,"minecraft:damage_taken":20,"minecraft:leave_game":5,"minecraft:play_time":8697,"minecraft:time_since_death":8697,"minecraft:sprint_one_cm":7700,"minecraft:walk_on_water_one_cm":1783,"minecraft:walk_one_cm":2759,"minecraft:sneak_time":339,"minecraft:total_world_time":8697,"minecraft:walk_under_water_one_cm":1284,"minecraft:fall_one_cm":822,"minecraft:fly_one_cm":51666,"minecraft:jump":31},"minecraft:mined":{"minecraft:grass":2,"minecraft:acacia_log":5},"minecraft:picked_up":{"minecraft:acacia_log":5},"minecraft:crafted":{"minecraft:acacia_planks":20,"minecraft:crafting_table":1}},"DataVersion":3465}