{"stats":{"minecraft:custom":{"minecraft:interact_with_furnace":3,"minecraft:mob_kills":66,"tombstone:raider_killed":1,"minecraft:interact_with_crafting_table":2,"minecraft:open_barrel":3,"minecraft:damage_dealt_resisted":415,"minecraft:leave_game":1,"minecraft:time_since_death":11403,"minecraft:climb_one_cm":1153,"minecraft:damage_resisted":0,"tombstone:pray_on_grave":1,"minecraft:waystone_activated":1,"minecraft:time_since_rest":11183,"minecraft:sprint_one_cm":79252,"minecraft:walk_one_cm":132141,"minecraft:damage_taken":2709,"minecraft:drop":34,"minecraft:damage_dealt":22874,"tombstone:cast_on_ally":0,"minecraft:talked_to_villager":1,"minecraft:fly_one_cm":131979,"minecraft:open_chest":10,"minecraft:crouch_one_cm":13007,"minecraft:play_time":57213,"tombstone:undead_killed":19,"minecraft:deaths":5,"minecraft:sneak_time":3783,"minecraft:walk_under_water_one_cm":21952,"minecraft:jump":551,"minecraft:walk_on_water_one_cm":19420,"minecraft:total_world_time":57213,"minecraft:fall_one_cm":13084},"minecraft:dropped":{"tombstone:seeker_rod":2,"grimoireofgaia:diamond_shard":1,"grimoireofgaia:emerald_shard":4,"minecraft:iron_nugget":3,"minecraft:cobbled_deepslate":11,"minecraft:cobblestone":1,"minecraft:rotten_flesh":2,"tombstone:tablet_of_assistance":1,"tombstone:rabbit_mask":1,"grimoireofgaia:shiny_pearl":1,"minecraft:potato":29,"grimoireofgaia:golden_apple_pie_slice":1,"minecraft:ink_sac":2,"minecraft:spruce_planks":48,"apotheosis:gem":1,"minecraft:spruce_log":115,"minecraft:gold_nugget":4,"tombstone:grave_dust":19,"minecraft:spider_eye":4,"tombstone:fishing_rod_of_misadventure":2,"minecraft:string":3,"minecraft:bone":4,"minecraft:netherrack":2},"minecraft:picked_up":{"minecraft:music_disc_strad":1,"minecraft:crafting_table":1,"minecraft:leather":8,"minecraft:potato":29,"minecraft:gunpowder":4,"tombstone:decorative_grave_cross":2,"minecraft:dirt":15,"minecraft:string":36,"minecraft:lantern":1,"minecraft:iron_leggings":1,"minecraft:bone":4,"minecraft:apple":4,"minecraft:bow":1,"minecraft:gold_nugget":4,"minecraft:cobbled_deepslate":11,"minecraft:raw_gold":17,"minecraft:spruce_planks":51,"grimoireofgaia:golden_apple_pie_slice":2,"minecraft:iron_ingot":2,"minecraft:iron_nugget":3,"minecraft:book":62,"minecraft:stick":17,"minecraft:raw_iron":9,"grimoireofgaia:diamond_shard":1,"apotheosis:gem":4,"grimoireofgaia:emerald_shard":6,"minecraft:ink_sac":2,"tombstone:grave_dust":2,"minecraft:diorite":2,"minecraft:white_bed":1,"minecraft:spruce_log":255,"minecraft:crying_obsidian":1,"minecraft:spider_eye":9,"grimoireofgaia:shiny_pearl":1,"minecraft:tnt":1,"minecraft:arrow":5,"minecraft:rotten_flesh":4,"minecraft:cooked_cod":1,"minecraft:iron_block":1,"minecraft:bread":1,"minecraft:mutton":1,"minecraft:emerald":1,"minecraft:oak_sapling":28,"tombstone:seeker_rod":1,"minecraft:netherrack":2,"minecraft:obsidian":5,"minecraft:coal":12,"grimoireofgaia:fur":2,"minecraft:white_wool":2,"minecraft:cobblestone":1},"minecraft:killed":{"grimoireofgaia:mermaid":1,"minecraft:witch":1,"minecraft:spider":10,"grimoireofgaia:minotaur":2,"grimoireofgaia:minotaurus":7,"minecraft:creeper":7,"minecraft:squid":1,"grimoireofgaia:centaur":1,"minecraft:polar_bear":1,"minecraft:sheep":2,"minecraft:skeleton":5,"minecraft:zombie":10,"minecraft:chicken":1,"grimoireofgaia:harpy":4,"jitl:boomboom":3,"minecraft:drowned":4,"grimoireofgaia:kobold":2},"minecraft:broken":{"minecraft:iron_axe":1},"minecraft:used":{"tombstone:scroll_of_unstable_intangibility":3,"tombstone:scroll_of_reach":4,"minecraft:spruce_planks":137,"minecraft:chest":2,"tombstone:decorative_grave_cross":3,"tombstone:fishing_rod_of_misadventure":3,"minecraft:dirt":15,"minecraft:crafting_table":1,"minecraft:spruce_log":64,"armorplus:infused_lava_sword":259,"tombstone:ankh_of_pray":6,"minecraft:diamond_pickaxe":24,"minecraft:iron_axe":271,"minecraft:oak_sapling":28,"minecraft:cooked_cod":1,"tombstone:gift":18,"minecraft:cooked_beef":15,"armorplus:infused_lava_pickaxe":49},"minecraft:mined":{"minecraft:deepslate_redstone_ore":3,"minecraft:crying_obsidian":1,"minecraft:spruce_planks":3,"minecraft:white_bed":1,"minecraft:oak_sapling":1,"minecraft:crafting_table":1,"minecraft:obsidian":5,"minecraft:tall_grass":5,"minecraft:copper_ore":1,"minecraft:deepslate_gold_ore":17,"minecraft:diorite":2,"minecraft:spruce_log":244,"minecraft:grass":10,"minecraft:bookshelf":20,"minecraft:coal_ore":12,"minecraft:deepslate_iron_ore":9,"minecraft:dirt":1,"minecraft:cobweb":30,"minecraft:iron_block":1,"minecraft:stone":1,"minecraft:netherrack":3,"minecraft:deepslate":9},"minecraft:crafted":{"minecraft:crafting_table":1,"minecraft:spruce_planks":236,"minecraft:iron_axe":1,"minecraft:iron_ingot":9,"minecraft:chest":2},"minecraft:killed_by":{"grimoireofgaia:bone_knight":2,"jitl:boomboom":1,"grimoireofgaia:naga":1,"grimoireofgaia:flesh_lich":1}},"DataVersion":3465}