{
  "toolupgrades:toolupgrades/modifier": {
    "criteria": {
      "toolupgrades_modifier": "2024-06-11 16:01:15 +0000"
    },
    "done": true
  },
  "toolleveling:recipes/tool_leveling_table": {
    "criteria": {
      "has_enchanting_table": "2024-06-11 16:01:15 +0000"
    },
    "done": true
  },
  "minecraft:recipes/decorations/crafting_table": {
    "criteria": {
      "unlock_right_away": "2024-06-11 16:01:15 +0000"
    },
    "done": true
  },
  "cataclysm:root": {
    "criteria": {
      "custom_test_name": "2024-06-11 16:01:15 +0000"
    },
    "done": true
  },
  "dungeons_arise:wda_root": {
    "criteria": {
      "WDA": "2024-06-11 16:01:15 +0000"
    },
    "done": true
  },
  "theabyss:unlockthebook": {
    "criteria": {
      "unlockthebook": "2024-06-11 16:01:15 +0000"
    },
    "done": true
  },
  "ironfurnaces:coal": {
    "criteria": {
      "rainbowcoal": "2024-06-11 16:01:15 +0000"
    },
    "done": true
  },
  "toolupgrades:toolupgrades/advanced_modifier": {
    "criteria": {
      "toolupgrades_advanced_modifier": "2024-06-11 16:01:15 +0000"
    },
    "done": true
  },
  "grimoireofgaia:main/root": {
    "criteria": {
      "join": "2024-06-11 16:01:15 +0000"
    },
    "done": true
  },
  "apotheosis:give_book": {
    "criteria": {
      "tick": "2024-06-11 16:01:15 +0000"
    },
    "done": true
  },
  "minecraft:adventure/adventuring_time": {
    "criteria": {
      "minecraft:windswept_hills": "2024-06-12 00:35:52 +0000",
      "minecraft:beach": "2024-06-11 16:01:38 +0000",
      "minecraft:sparse_jungle": "2024-06-12 23:31:41 +0000",
      "minecraft:lukewarm_ocean": "2024-06-11 16:01:48 +0000",
      "minecraft:river": "2024-06-11 16:01:47 +0000",
      "minecraft:forest": "2024-06-11 16:01:18 +0000",
      "minecraft:flower_forest": "2024-06-12 00:30:44 +0000",
      "minecraft:old_growth_birch_forest": "2024-06-12 01:17:04 +0000",
      "minecraft:savanna": "2024-06-11 16:02:18 +0000",
      "minecraft:plains": "2024-06-12 00:32:28 +0000"
    },
    "done": false
  },
  "tombstone:adventure/root": {
    "criteria": {
      "auto": "2024-06-11 16:01:18 +0000"
    },
    "done": true
  },
  "minecraft:recipes/misc/charcoal": {
    "criteria": {
      "has_log": "2024-06-11 16:04:08 +0000"
    },
    "done": true
  },
  "minecraft:recipes/building_blocks/acacia_wood": {
    "criteria": {
      "has_log": "2024-06-11 16:04:08 +0000"
    },
    "done": true
  },
  "minecraft:recipes/building_blocks/acacia_planks": {
    "criteria": {
      "has_log": "2024-06-11 16:04:08 +0000"
    },
    "done": true
  },
  "jitl:grant_book_on_first_join": {
    "criteria": {
      "tick": "2024-06-12 00:08:22 +0000"
    },
    "done": true
  },
  "minecraft:recipes/redstone/acacia_button": {
    "criteria": {
      "has_planks": "2024-06-12 00:08:47 +0000"
    },
    "done": true
  },
  "minecraft:recipes/redstone/acacia_pressure_plate": {
    "criteria": {
      "has_planks": "2024-06-12 00:08:47 +0000"
    },
    "done": true
  },
  "minecraft:recipes/building_blocks/acacia_slab": {
    "criteria": {
      "has_planks": "2024-06-12 00:08:47 +0000"
    },
    "done": true
  },
  "minecraft:recipes/redstone/acacia_trapdoor": {
    "criteria": {
      "has_planks": "2024-06-12 00:08:47 +0000"
    },
    "done": true
  },
  "minecraft:recipes/misc/stick": {
    "criteria": {
      "has_planks": "2024-06-12 00:08:47 +0000"
    },
    "done": true
  },
  "minecraft:recipes/building_blocks/acacia_stairs": {
    "criteria": {
      "has_planks": "2024-06-12 00:08:47 +0000"
    },
    "done": true
  },
  "minecraft:recipes/redstone/acacia_door": {
    "criteria": {
      "has_planks": "2024-06-12 00:08:47 +0000"
    },
    "done": true
  },
  "minecraft:recipes/redstone/acacia_fence_gate": {
    "criteria": {
      "has_planks": "2024-06-12 00:08:47 +0000"
    },
    "done": true
  },
  "minecraft:recipes/decorations/acacia_sign": {
    "criteria": {
      "has_planks": "2024-06-12 00:08:47 +0000"
    },
    "done": true
  },
  "minecraft:recipes/decorations/acacia_fence": {
    "criteria": {
      "has_planks": "2024-06-12 00:08:47 +0000"
    },
    "done": true
  },
  "minecraft:recipes/decorations/barrel": {
    "criteria": {
      "has_planks": "2024-06-12 00:08:47 +0000"
    },
    "done": true
  },
  "travelersbackpack:recipes/misc/crafting_upgrade": {
    "criteria": {
      "has_crafting_table": "2024-06-12 00:08:50 +0000"
    },
    "done": true
  },
  "armorplus:story/root": {
    "criteria": {
      "crafting_table": "2024-06-12 00:08:50 +0000"
    },
    "done": true
  },
  "armorplus:story/thank_you_6m": {
    "criteria": {
      "open_inventory": "2024-06-12 00:08:50 +0000"
    },
    "done": true
  },
  "minecraft:story/root": {
    "criteria": {
      "crafting_table": "2024-06-12 00:08:50 +0000"
    },
    "done": true
  },
  "minecraft:adventure/kill_all_mobs": {
    "criteria": {
      "minecraft:pillager": "2024-06-12 00:39:50 +0000",
      "minecraft:skeleton": "2024-06-12 01:07:09 +0000",
      "minecraft:vindicator": "2024-06-12 23:23:41 +0000",
      "minecraft:spider": "2024-06-12 00:31:30 +0000",
      "minecraft:creeper": "2024-06-12 01:09:13 +0000",
      "minecraft:husk": "2024-06-12 23:32:40 +0000",
      "minecraft:cave_spider": "2024-06-12 01:01:34 +0000",
      "minecraft:zombie": "2024-06-12 00:29:30 +0000",
      "minecraft:drowned": "2024-06-12 01:09:57 +0000"
    },
    "done": false
  },
  "minecraft:adventure/root": {
    "criteria": {
      "killed_something": "2024-06-12 00:29:30 +0000"
    },
    "done": true
  },
  "minecraft:adventure/kill_a_mob": {
    "criteria": {
      "minecraft:zombie": "2024-06-12 00:29:30 +0000"
    },
    "done": true
  },
  "minecraft:recipes/food/cooked_chicken_from_campfire_cooking": {
    "criteria": {
      "has_chicken": "2024-06-12 00:29:36 +0000"
    },
    "done": true
  },
  "armorplus:recipes/armorplus.armors/crafting/shaped/chicken/chicken_boots": {
    "criteria": {
      "has_req": "2024-06-12 00:29:36 +0000"
    },
    "done": true
  },
  "armorplus:recipes/armorplus.armors/crafting/shaped/chicken/chicken_chestplate": {
    "criteria": {
      "has_req": "2024-06-12 00:29:36 +0000"
    },
    "done": true
  },
  "minecraft:recipes/food/cooked_chicken": {
    "criteria": {
      "has_chicken": "2024-06-12 00:29:36 +0000"
    },
    "done": true
  },
  "skilltree:recipes/combat/silent_quiver": {
    "criteria": {
      "has_feather": "2024-06-12 00:29:36 +0000"
    },
    "done": true
  },
  "armorplus:recipes/armorplus.armors/crafting/shaped/chicken/chicken_helmet": {
    "criteria": {
      "has_req": "2024-06-12 00:29:36 +0000"
    },
    "done": true
  },
  "minecraft:recipes/combat/arrow": {
    "criteria": {
      "has_feather": "2024-06-12 00:29:36 +0000"
    },
    "done": true
  },
  "armorplus:recipes/armorplus.armors/crafting/shaped/chicken/chicken_helmet_alt": {
    "criteria": {
      "has_req": "2024-06-12 00:29:36 +0000"
    },
    "done": true
  },
  "travelersbackpack:recipes/misc/chicken": {
    "criteria": {
      "has_feather": "2024-06-12 00:29:36 +0000"
    },
    "done": true
  },
  "minecraft:recipes/food/cooked_chicken_from_smoking": {
    "criteria": {
      "has_chicken": "2024-06-12 00:29:36 +0000"
    },
    "done": true
  },
  "armorplus:recipes/armorplus.armors/crafting/shaped/chicken/chicken_boots_alt": {
    "criteria": {
      "has_req": "2024-06-12 00:29:36 +0000"
    },
    "done": true
  },
  "armorplus:recipes/armorplus.armors/crafting/shaped/chicken/chicken_leggings": {
    "criteria": {
      "has_req": "2024-06-12 00:29:36 +0000"
    },
    "done": true
  },
  "skilltree:recipes/misc/traveler_necklace": {
    "criteria": {
      "has_feather": "2024-06-12 00:29:36 +0000"
    },
    "done": true
  },
  "minecraft:husbandry/root": {
    "criteria": {
      "consumed_item": "2024-06-12 00:29:40 +0000"
    },
    "done": true
  },
  "minecraft:husbandry/balanced_diet": {
    "criteria": {
      "cooked_porkchop": "2024-06-12 01:06:15 +0000",
      "chicken": "2024-06-12 00:29:40 +0000",
      "cooked_mutton": "2024-06-12 00:39:15 +0000",
      "cooked_beef": "2024-06-12 00:42:27 +0000",
      "beef": "2024-06-12 00:30:52 +0000",
      "pumpkin_pie": "2024-06-12 23:23:27 +0000",
      "bread": "2024-06-12 23:25:52 +0000",
      "golden_apple": "2024-06-12 23:34:38 +0000",
      "rotten_flesh": "2024-06-12 01:10:59 +0000"
    },
    "done": false
  },
  "minecraft:recipes/decorations/ladder": {
    "criteria": {
      "has_stick": "2024-06-12 00:29:57 +0000"
    },
    "done": true
  },
  "jitl:recipes/building_blocks/depths_fence": {
    "criteria": {
      "has_item.minecraft.stick": "2024-06-12 00:29:57 +0000"
    },
    "done": true
  },
  "jitl:recipes/building_blocks/euca_gold_fence": {
    "criteria": {
      "has_item.minecraft.stick": "2024-06-12 00:29:57 +0000"
    },
    "done": true
  },
  "jitl:recipes/building_blocks/euca_brown_fence": {
    "criteria": {
      "has_item.minecraft.stick": "2024-06-12 00:29:57 +0000"
    },
    "done": true
  },
  "armorplus:recipes/armorplus.weapons/crafting/shaped/emerald/emerald_sword": {
    "criteria": {
      "has_req": "2024-06-12 00:29:57 +0000"
    },
    "done": true
  },
  "armorplus:recipes/armorplus.weapons/crafting/shaped/emerald/emerald_battle_axe": {
    "criteria": {
      "has_req": "2024-06-12 00:29:57 +0000"
    },
    "done": true
  },
  "minecraft:recipes/tools/wooden_axe": {
    "criteria": {
      "has_stick": "2024-06-12 00:29:57 +0000"
    },
    "done": true
  },
  "jitl:recipes/building_blocks/corba_fence": {
    "criteria": {
      "has_item.minecraft.stick": "2024-06-12 00:29:57 +0000"
    },
    "done": true
  },
  "armorplus:recipes/armorplus.weapons/crafting/shaped/redstone/redstone_battle_axe": {
    "criteria": {
      "has_req": "2024-06-12 00:29:57 +0000"
    },
    "done": true
  },
  "jitl:recipes/building_blocks/frozen_fence": {
    "criteria": {
      "has_item.minecraft.stick": "2024-06-12 00:29:57 +0000"
    },
    "done": true
  },
  "armorplus:recipes/armorplus.weapons/crafting/shaped/redstone/redstone_pickaxe": {
    "criteria": {
      "has_req": "2024-06-12 00:29:57 +0000"
    },
    "done": true
  },
  "armorplus:recipes/armorplus.weapons/crafting/shaped/redstone/redstone_sword": {
    "criteria": {
      "has_req": "2024-06-12 00:29:57 +0000"
    },
    "done": true
  },
  "armorplus:recipes/armorplus.weapons/crafting/shaped/obsidian/obsidian_battle_axe": {
    "criteria": {
      "has_req": "2024-06-12 00:29:57 +0000"
    },
    "done": true
  },
  "armorplus:recipes/armorplus.weapons/crafting/shaped/coal/coal_pickaxe": {
    "criteria": {
      "has_req": "2024-06-12 00:29:57 +0000"
    },
    "done": true
  },
  "armorplus:recipes/armorplus.weapons/crafting/shaped/lapis/lapis_pickaxe": {
    "criteria": {
      "has_req": "2024-06-12 00:29:57 +0000"
    },
    "done": true
  },
  "minecraft:recipes/decorations/campfire": {
    "criteria": {
      "has_stick": "2024-06-12 00:29:57 +0000"
    },
    "done": true
  },
  "minecraft:recipes/tools/wooden_hoe": {
    "criteria": {
      "has_stick": "2024-06-12 00:29:57 +0000"
    },
    "done": true
  },
  "armorplus:recipes/armorplus.weapons/crafting/shaped/obsidian/obsidian_sword": {
    "criteria": {
      "has_req": "2024-06-12 00:29:57 +0000"
    },
    "done": true
  },
  "minecraft:recipes/tools/wooden_pickaxe": {
    "criteria": {
      "has_stick": "2024-06-12 00:29:57 +0000"
    },
    "done": true
  },
  "armorplus:recipes/building_blocks/crafting/shapeless/wooden_rod_adv": {
    "criteria": {
      "has_req": "2024-06-12 00:29:57 +0000"
    },
    "done": true
  },
  "minecraft:recipes/tools/wooden_shovel": {
    "criteria": {
      "has_stick": "2024-06-12 00:29:57 +0000"
    },
    "done": true
  },
  "armorplus:recipes/armorplus.items/crafting/shapeless/wooden_rod_adv": {
    "criteria": {
      "has_req": "2024-06-12 00:29:57 +0000"
    },
    "done": true
  },
  "armorplus:recipes/armorplus.weapons/crafting/shaped/lapis/lapis_battle_axe": {
    "criteria": {
      "has_req": "2024-06-12 00:29:57 +0000"
    },
    "done": true
  },
  "armorplus:recipes/armorplus.weapons/crafting/shaped/coal/coal_battle_axe": {
    "criteria": {
      "has_req": "2024-06-12 00:29:57 +0000"
    },
    "done": true
  },
  "armorplus:recipes/armorplus.weapons/crafting/shaped/obsidian/obsidian_pickaxe": {
    "criteria": {
      "has_req": "2024-06-12 00:29:57 +0000"
    },
    "done": true
  },
  "minecraft:recipes/combat/wooden_sword": {
    "criteria": {
      "has_stick": "2024-06-12 00:29:57 +0000"
    },
    "done": true
  },
  "armorplus:recipes/armorplus.weapons/crafting/shaped/emerald/emerald_pickaxe": {
    "criteria": {
      "has_req": "2024-06-12 00:29:57 +0000"
    },
    "done": true
  },
  "jitl:recipes/building_blocks/burned_fence": {
    "criteria": {
      "has_item.minecraft.stick": "2024-06-12 00:29:57 +0000"
    },
    "done": true
  },
  "armorplus:recipes/armorplus.weapons/crafting/shaped/lapis/lapis_sword": {
    "criteria": {
      "has_req": "2024-06-12 00:29:57 +0000"
    },
    "done": true
  },
  "armorplus:recipes/armorplus.weapons/crafting/shaped/coal/coal_sword": {
    "criteria": {
      "has_req": "2024-06-12 00:29:57 +0000"
    },
    "done": true
  },
  "apotheosis:affix/root": {
    "criteria": {
      "sword": "2024-06-12 00:29:59 +0000"
    },
    "done": true
  },
  "minecraft:recipes/food/cooked_beef_from_smoking": {
    "criteria": {
      "has_beef": "2024-06-12 00:30:49 +0000"
    },
    "done": true
  },
  "minecraft:recipes/food/cooked_beef": {
    "criteria": {
      "has_beef": "2024-06-12 00:30:49 +0000"
    },
    "done": true
  },
  "minecraft:recipes/food/cooked_beef_from_campfire_cooking": {
    "criteria": {
      "has_beef": "2024-06-12 00:30:49 +0000"
    },
    "done": true
  },
  "tombstone:adventure/first_grave": {
    "criteria": {
      "coded_trigger": "2024-06-12 00:30:53 +0000"
    },
    "done": true
  },
  "tombstone:recipes/from_grave_key": {
    "criteria": {
      "has_ingredient": "2024-06-12 00:30:55 +0000"
    },
    "done": true
  },
  "minecraft:recipes/combat/leather_helmet": {
    "criteria": {
      "has_leather": "2024-06-12 00:31:25 +0000"
    },
    "done": true
  },
  "minecraft:recipes/combat/leather_leggings": {
    "criteria": {
      "has_leather": "2024-06-12 00:31:25 +0000"
    },
    "done": true
  },
  "skilltree:recipes/combat/quiver": {
    "criteria": {
      "has_leather": "2024-06-12 00:31:25 +0000"
    },
    "done": true
  },
  "minecraft:recipes/combat/leather_chestplate": {
    "criteria": {
      "has_leather": "2024-06-12 00:31:25 +0000"
    },
    "done": true
  },
  "minecraft:recipes/misc/leather_horse_armor": {
    "criteria": {
      "has_leather": "2024-06-12 00:31:25 +0000"
    },
    "done": true
  },
  "travelersbackpack:recipes/misc/horse": {
    "criteria": {
      "has_leather": "2024-06-12 00:31:25 +0000"
    },
    "done": true
  },
  "minecraft:recipes/decorations/item_frame": {
    "criteria": {
      "has_leather": "2024-06-12 00:31:25 +0000"
    },
    "done": true
  },
  "minecraft:recipes/combat/leather_boots": {
    "criteria": {
      "has_leather": "2024-06-12 00:31:25 +0000"
    },
    "done": true
  },
  "armorplus:recipes/armorplus.items/crafting/shaped/ender_dragon/ender_dragon_bow_base": {
    "criteria": {
      "has_req": "2024-06-12 00:31:31 +0000"
    },
    "done": true
  },
  "armorplus:recipes/armorplus.weapons/crafting/shaped/lapis/lapis_bow": {
    "criteria": {
      "has_req": "2024-06-12 00:31:31 +0000"
    },
    "done": true
  },
  "armorplus:recipes/armorplus.items/crafting/shaped/guardian/guardian_bow_base_alt": {
    "criteria": {
      "has_req": "2024-06-12 00:31:31 +0000"
    },
    "done": true
  },
  "minecraft:recipes/combat/bow": {
    "criteria": {
      "has_string": "2024-06-12 00:31:31 +0000"
    },
    "done": true
  },
  "minecraft:recipes/tools/fishing_rod": {
    "criteria": {
      "has_string": "2024-06-12 00:31:31 +0000"
    },
    "done": true
  },
  "armorplus:recipes/armorplus.weapons/crafting/shaped/infused_lava/infused_lava_bow_alt": {
    "criteria": {
      "has_req": "2024-06-12 00:31:31 +0000"
    },
    "done": true
  },
  "armorplus:recipes/armorplus.weapons/crafting/shaped/emerald/emerald_bow_alt": {
    "criteria": {
      "has_req": "2024-06-12 00:31:31 +0000"
    },
    "done": true
  },
  "armorplus:recipes/armorplus.items/crafting/shaped/ender_dragon/ender_dragon_bow_base_alt": {
    "criteria": {
      "has_req": "2024-06-12 00:31:31 +0000"
    },
    "done": true
  },
  "armorplus:recipes/armorplus.weapons/crafting/shaped/infused_lava/infused_lava_bow": {
    "criteria": {
      "has_req": "2024-06-12 00:31:31 +0000"
    },
    "done": true
  },
  "minecraft:recipes/redstone/tripwire_hook": {
    "criteria": {
      "has_string": "2024-06-12 00:31:31 +0000"
    },
    "done": true
  },
  "armorplus:recipes/armorplus.weapons/crafting/shaped/emerald/emerald_bow": {
    "criteria": {
      "has_req": "2024-06-12 00:31:31 +0000"
    },
    "done": true
  },
  "travelersbackpack:recipes/misc/spider": {
    "criteria": {
      "has_string": "2024-06-12 00:31:31 +0000"
    },
    "done": true
  },
  "armorplus:recipes/armorplus.weapons/crafting/shaped/redstone/redstone_bow_alt": {
    "criteria": {
      "has_req": "2024-06-12 00:31:31 +0000"
    },
    "done": true
  },
  "minecraft:recipes/decorations/candle": {
    "criteria": {
      "has_string": "2024-06-12 00:31:31 +0000"
    },
    "done": true
  },
  "armorplus:recipes/armorplus.weapons/crafting/shaped/coal/coal_bow_alt": {
    "criteria": {
      "has_req": "2024-06-12 00:31:31 +0000"
    },
    "done": true
  },
  "armorplus:recipes/armorplus.items/crafting/shaped/super_star/super_star_bow_base": {
    "criteria": {
      "has_req": "2024-06-12 00:31:31 +0000"
    },
    "done": true
  },
  "armorplus:recipes/armorplus.weapons/crafting/shaped/lapis/lapis_bow_alt": {
    "criteria": {
      "has_req": "2024-06-12 00:31:31 +0000"
    },
    "done": true
  },
  "armorplus:recipes/armorplus.items/crafting/shaped/guardian/guardian_bow_base": {
    "criteria": {
      "has_req": "2024-06-12 00:31:31 +0000"
    },
    "done": true
  },
  "armorplus:recipes/armorplus.weapons/crafting/shaped/coal/coal_bow": {
    "criteria": {
      "has_req": "2024-06-12 00:31:31 +0000"
    },
    "done": true
  },
  "armorplus:recipes/armorplus.weapons/crafting/shaped/obsidian/obsidian_bow": {
    "criteria": {
      "has_req": "2024-06-12 00:31:31 +0000"
    },
    "done": true
  },
  "minecraft:recipes/building_blocks/white_wool_from_string": {
    "criteria": {
      "has_string": "2024-06-12 00:31:31 +0000"
    },
    "done": true
  },
  "minecraft:recipes/combat/crossbow": {
    "criteria": {
      "has_string": "2024-06-12 00:31:31 +0000"
    },
    "done": true
  },
  "armorplus:recipes/armorplus.items/crafting/shaped/super_star/super_star_bow_base_alt": {
    "criteria": {
      "has_req": "2024-06-12 00:31:31 +0000"
    },
    "done": true
  },
  "armorplus:recipes/armorplus.weapons/crafting/shaped/redstone/redstone_bow": {
    "criteria": {
      "has_req": "2024-06-12 00:31:31 +0000"
    },
    "done": true
  },
  "armorplus:recipes/armorplus.items/crafting/shaped/slayer/slayer_bow_base_alt": {
    "criteria": {
      "has_req": "2024-06-12 00:31:31 +0000"
    },
    "done": true
  },
  "armorplus:recipes/armorplus.items/crafting/shaped/slayer/slayer_bow_base": {
    "criteria": {
      "has_req": "2024-06-12 00:31:31 +0000"
    },
    "done": true
  },
  "minecraft:recipes/decorations/loom": {
    "criteria": {
      "has_string": "2024-06-12 00:31:31 +0000"
    },
    "done": true
  },
  "armorplus:recipes/armorplus.weapons/crafting/shaped/obsidian/obsidian_bow_alt": {
    "criteria": {
      "has_req": "2024-06-12 00:31:31 +0000"
    },
    "done": true
  },
  "minecraft:recipes/decorations/chest": {
    "criteria": {
      "has_lots_of_items": "2024-06-12 00:32:10 +0000"
    },
    "done": true
  },
  "ironchest:recipes/decorations/chests/vanilla_dirt_chest": {
    "criteria": {
      "has_iron_ingot": "2024-06-12 00:32:49 +0000"
    },
    "done": true
  },
  "tombstone:adventure/cancel_ghostly_shape": {
    "criteria": {
      "coded_trigger": "2024-06-12 00:33:05 +0000"
    },
    "done": true
  },
  "minecraft:recipes/redstone/lever": {
    "criteria": {
      "has_cobblestone": "2024-06-12 00:33:18 +0000"
    },
    "done": true
  },
  "minecraft:recipes/combat/stone_sword": {
    "criteria": {
      "has_cobblestone": "2024-06-12 00:33:18 +0000"
    },
    "done": true
  },
  "minecraft:recipes/decorations/cobblestone_wall": {
    "criteria": {
      "has_cobblestone": "2024-06-12 00:33:18 +0000"
    },
    "done": true
  },
  "minecraft:recipes/tools/stone_axe": {
    "criteria": {
      "has_cobblestone": "2024-06-12 00:33:18 +0000"
    },
    "done": true
  },
  "minecraft:story/mine_stone": {
    "criteria": {
      "get_stone": "2024-06-12 00:33:18 +0000"
    },
    "done": true
  },
  "minecraft:recipes/decorations/furnace": {
    "criteria": {
      "has_cobblestone": "2024-06-12 00:33:18 +0000"
    },
    "done": true
  },
  "minecraft:recipes/building_blocks/cobblestone_slab_from_cobblestone_stonecutting": {
    "criteria": {
      "has_cobblestone": "2024-06-12 00:33:18 +0000"
    },
    "done": true
  },
  "minecraft:recipes/building_blocks/stone": {
    "criteria": {
      "has_cobblestone": "2024-06-12 00:33:18 +0000"
    },
    "done": true
  },
  "minecraft:recipes/tools/stone_pickaxe": {
    "criteria": {
      "has_cobblestone": "2024-06-12 00:33:18 +0000"
    },
    "done": true
  },
  "minecraft:recipes/building_blocks/cobblestone_slab": {
    "criteria": {
      "has_cobblestone": "2024-06-12 00:33:18 +0000"
    },
    "done": true
  },
  "minecraft:recipes/decorations/cobblestone_wall_from_cobblestone_stonecutting": {
    "criteria": {
      "has_cobblestone": "2024-06-12 00:33:18 +0000"
    },
    "done": true
  },
  "minecraft:recipes/building_blocks/cobblestone_stairs_from_cobblestone_stonecutting": {
    "criteria": {
      "has_cobblestone": "2024-06-12 00:33:18 +0000"
    },
    "done": true
  },
  "minecraft:recipes/building_blocks/cobblestone_stairs": {
    "criteria": {
      "has_cobblestone": "2024-06-12 00:33:18 +0000"
    },
    "done": true
  },
  "minecraft:recipes/tools/stone_hoe": {
    "criteria": {
      "has_cobblestone": "2024-06-12 00:33:18 +0000"
    },
    "done": true
  },
  "minecraft:recipes/tools/stone_shovel": {
    "criteria": {
      "has_cobblestone": "2024-06-12 00:33:18 +0000"
    },
    "done": true
  },
  "minecraft:recipes/decorations/torch": {
    "criteria": {
      "has_stone_pickaxe": "2024-06-12 00:34:21 +0000"
    },
    "done": true
  },
  "minecraft:story/upgrade_tools": {
    "criteria": {
      "stone_pickaxe": "2024-06-12 00:34:21 +0000"
    },
    "done": true
  },
  "travelersbackpack:recipes/misc/coal": {
    "criteria": {
      "has_coal": "2024-06-12 00:35:54 +0000"
    },
    "done": true
  },
  "armorplus:recipes/armorplus.weapons/crafting/shaped/coal/coal_arrow": {
    "criteria": {
      "has_req": "2024-06-12 00:35:54 +0000"
    },
    "done": true
  },
  "minecraft:recipes/building_blocks/coal_block": {
    "criteria": {
      "has_coal": "2024-06-12 00:35:54 +0000"
    },
    "done": true
  },
  "minecraft:recipes/food/cooked_mutton_from_smoking": {
    "criteria": {
      "has_mutton": "2024-06-12 00:35:59 +0000"
    },
    "done": true
  },
  "minecraft:recipes/food/cooked_mutton": {
    "criteria": {
      "has_mutton": "2024-06-12 00:35:59 +0000"
    },
    "done": true
  },
  "minecraft:recipes/food/cooked_mutton_from_campfire_cooking": {
    "criteria": {
      "has_mutton": "2024-06-12 00:35:59 +0000"
    },
    "done": true
  },
  "minecraft:recipes/decorations/painting": {
    "criteria": {
      "has_wool": "2024-06-12 00:36:00 +0000"
    },
    "done": true
  },
  "travelersbackpack:recipes/decorations/white_sleeping_bag": {
    "criteria": {
      "has_white_wool": "2024-06-12 00:36:00 +0000"
    },
    "done": true
  },
  "minecraft:recipes/decorations/white_carpet": {
    "criteria": {
      "has_white_wool": "2024-06-12 00:36:00 +0000"
    },
    "done": true
  },
  "travelersbackpack:recipes/misc/sheep": {
    "criteria": {
      "has_white_wool": "2024-06-12 00:36:00 +0000"
    },
    "done": true
  },
  "minecraft:recipes/decorations/white_banner": {
    "criteria": {
      "has_white_wool": "2024-06-12 00:36:00 +0000"
    },
    "done": true
  },
  "minecraft:recipes/decorations/white_bed": {
    "criteria": {
      "has_white_wool": "2024-06-12 00:36:00 +0000"
    },
    "done": true
  },
  "minecraft:recipes/food/cooked_porkchop_from_campfire_cooking": {
    "criteria": {
      "has_porkchop": "2024-06-12 00:36:15 +0000"
    },
    "done": true
  },
  "minecraft:recipes/food/cooked_porkchop": {
    "criteria": {
      "has_porkchop": "2024-06-12 00:36:15 +0000"
    },
    "done": true
  },
  "minecraft:recipes/food/cooked_porkchop_from_smoking": {
    "criteria": {
      "has_porkchop": "2024-06-12 00:36:15 +0000"
    },
    "done": true
  },
  "travelersbackpack:recipes/misc/pig": {
    "criteria": {
      "has_porkchop": "2024-06-12 00:36:15 +0000"
    },
    "done": true
  },
  "apotheosis:affix/gem": {
    "criteria": {
      "gem": "2024-06-12 00:37:13 +0000"
    },
    "done": true
  },
  "apotheosis:affix/rare_gem": {
    "criteria": {
      "gem": "2024-06-12 00:37:13 +0000"
    },
    "done": true
  },
  "minecraft:recipes/decorations/smoker": {
    "criteria": {
      "has_furnace": "2024-06-12 00:38:11 +0000"
    },
    "done": true
  },
  "tombstone:adventure/first_knowledge": {
    "criteria": {
      "coded_trigger": "2024-06-12 00:39:50 +0000"
    },
    "done": true
  },
  "tombstone:adventure/ambush": {
    "criteria": {
      "coded_trigger": "2024-06-12 00:39:50 +0000"
    },
    "done": true
  },
  "minecraft:recipes/building_blocks/emerald_block": {
    "criteria": {
      "has_emerald": "2024-06-12 00:39:51 +0000"
    },
    "done": true
  },
  "travelersbackpack:recipes/misc/emerald": {
    "criteria": {
      "has_emerald": "2024-06-12 00:39:51 +0000"
    },
    "done": true
  },
  "armorplus:recipes/armorplus.weapons/crafting/shaped/emerald/emerald_arrow": {
    "criteria": {
      "has_req": "2024-06-12 00:39:51 +0000"
    },
    "done": true
  },
  "tombstone:adventure/choose_knowledge": {
    "criteria": {
      "coded_trigger": "2024-06-12 00:40:01 +0000"
    },
    "done": true
  },
  "minecraft:recipes/building_blocks/raw_iron_block": {
    "criteria": {
      "has_raw_iron": "2024-06-12 00:42:20 +0000"
    },
    "done": true
  },
  "minecraft:recipes/misc/iron_ingot_from_smelting_raw_iron": {
    "criteria": {
      "has_raw_iron": "2024-06-12 00:42:20 +0000"
    },
    "done": true
  },
  "minecraft:recipes/misc/iron_ingot_from_blasting_raw_iron": {
    "criteria": {
      "has_raw_iron": "2024-06-12 00:42:20 +0000"
    },
    "done": true
  },
  "minecraft:recipes/combat/iron_leggings": {
    "criteria": {
      "has_iron_ingot": "2024-06-12 00:44:17 +0000"
    },
    "done": true
  },
  "armorplus:recipes/armorplus.items/crafting/shaped/enhanced/en_iron": {
    "criteria": {
      "has_req": "2024-06-12 00:44:17 +0000"
    },
    "done": true
  },
  "minecraft:recipes/combat/iron_chestplate": {
    "criteria": {
      "has_iron_ingot": "2024-06-12 00:44:17 +0000"
    },
    "done": true
  },
  "travelersbackpack:recipes/misc/backpack_tank": {
    "criteria": {
      "has_iron": "2024-06-12 00:44:17 +0000"
    },
    "done": true
  },
  "ironchest:recipes/decorations/upgrades/wood_to_iron_chest_upgrade": {
    "criteria": {
      "has_iron_ingot": "2024-06-12 00:44:17 +0000"
    },
    "done": true
  },
  "minecraft:recipes/misc/iron_nugget": {
    "criteria": {
      "has_iron_ingot": "2024-06-12 00:44:17 +0000"
    },
    "done": true
  },
  "minecraft:recipes/misc/bucket": {
    "criteria": {
      "has_iron_ingot": "2024-06-12 00:44:17 +0000"
    },
    "done": true
  },
  "minecraft:recipes/combat/iron_helmet": {
    "criteria": {
      "has_iron_ingot": "2024-06-12 00:44:17 +0000"
    },
    "done": true
  },
  "minecraft:recipes/transportation/minecart": {
    "criteria": {
      "has_iron_ingot": "2024-06-12 00:44:17 +0000"
    },
    "done": true
  },
  "minecraft:recipes/tools/iron_hoe": {
    "criteria": {
      "has_iron_ingot": "2024-06-12 00:44:17 +0000"
    },
    "done": true
  },
  "minecraft:story/smelt_iron": {
    "criteria": {
      "iron": "2024-06-12 00:44:17 +0000"
    },
    "done": true
  },
  "ironchest:recipes/decorations/chests/copper_iron_chest": {
    "criteria": {
      "has_iron_ingot": "2024-06-12 00:44:17 +0000"
    },
    "done": true
  },
  "minecraft:recipes/tools/shears": {
    "criteria": {
      "has_iron_ingot": "2024-06-12 00:44:17 +0000"
    },
    "done": true
  },
  "minecraft:recipes/decorations/chain": {
    "criteria": {
      "has_iron_ingot": "2024-06-12 00:44:17 +0000"
    },
    "done": true
  },
  "minecraft:recipes/building_blocks/iron_block": {
    "criteria": {
      "has_iron_ingot": "2024-06-12 00:44:17 +0000"
    },
    "done": true
  },
  "minecraft:recipes/decorations/smithing_table": {
    "criteria": {
      "has_iron_ingot": "2024-06-12 00:44:17 +0000"
    },
    "done": true
  },
  "minecraft:recipes/combat/iron_sword": {
    "criteria": {
      "has_iron_ingot": "2024-06-12 00:44:17 +0000"
    },
    "done": true
  },
  "minecraft:recipes/tools/iron_pickaxe": {
    "criteria": {
      "has_iron_ingot": "2024-06-12 00:44:17 +0000"
    },
    "done": true
  },
  "minecraft:recipes/combat/shield": {
    "criteria": {
      "has_iron_ingot": "2024-06-12 00:44:17 +0000"
    },
    "done": true
  },
  "minecraft:recipes/redstone/hopper": {
    "criteria": {
      "has_iron_ingot": "2024-06-12 00:44:17 +0000"
    },
    "done": true
  },
  "travelersbackpack:recipes/misc/iron": {
    "criteria": {
      "has_iron_ingot": "2024-06-12 00:44:17 +0000"
    },
    "done": true
  },
  "minecraft:recipes/decorations/iron_bars": {
    "criteria": {
      "has_iron_ingot": "2024-06-12 00:44:17 +0000"
    },
    "done": true
  },
  "travelersbackpack:recipes/misc/iron_tier_upgrade": {
    "criteria": {
      "has_iron_ingot": "2024-06-12 00:44:17 +0000"
    },
    "done": true
  },
  "minecraft:recipes/combat/iron_boots": {
    "criteria": {
      "has_iron_ingot": "2024-06-12 00:44:17 +0000"
    },
    "done": true
  },
  "travelersbackpack:recipes/misc/hose_nozzle": {
    "criteria": {
      "has_iron": "2024-06-12 00:44:17 +0000"
    },
    "done": true
  },
  "minecraft:recipes/decorations/lantern": {
    "criteria": {
      "has_iron_ingot": "2024-06-12 00:44:17 +0000"
    },
    "done": true
  },
  "minecraft:recipes/tools/iron_shovel": {
    "criteria": {
      "has_iron_ingot": "2024-06-12 00:44:17 +0000"
    },
    "done": true
  },
  "ironchest:recipes/decorations/upgrades/iron_to_gold_chest_upgrade": {
    "criteria": {
      "has_iron_ingot": "2024-06-12 00:44:17 +0000"
    },
    "done": true
  },
  "ironchest:recipes/decorations/upgrades/copper_to_iron_chest_upgrade": {
    "criteria": {
      "has_iron_ingot": "2024-06-12 00:44:17 +0000"
    },
    "done": true
  },
  "ironchest:recipes/decorations/chests/vanilla_iron_chest": {
    "criteria": {
      "has_iron_ingot": "2024-06-12 00:44:17 +0000"
    },
    "done": true
  },
  "minecraft:recipes/redstone/iron_trapdoor": {
    "criteria": {
      "has_iron_ingot": "2024-06-12 00:44:17 +0000"
    },
    "done": true
  },
  "minecraft:recipes/tools/iron_axe": {
    "criteria": {
      "has_iron_ingot": "2024-06-12 00:44:17 +0000"
    },
    "done": true
  },
  "skilltree:recipes/combat/armored_quiver": {
    "criteria": {
      "has_ingots_iron": "2024-06-12 00:44:17 +0000"
    },
    "done": true
  },
  "minecraft:recipes/redstone/iron_door": {
    "criteria": {
      "has_iron_ingot": "2024-06-12 00:44:17 +0000"
    },
    "done": true
  },
  "minecraft:recipes/redstone/heavy_weighted_pressure_plate": {
    "criteria": {
      "has_iron_ingot": "2024-06-12 00:44:17 +0000"
    },
    "done": true
  },
  "minecraft:recipes/misc/iron_nugget_from_smelting": {
    "criteria": {
      "has_iron_pickaxe": "2024-06-12 00:44:22 +0000"
    },
    "done": true
  },
  "minecraft:story/iron_tools": {
    "criteria": {
      "iron_pickaxe": "2024-06-12 00:44:22 +0000"
    },
    "done": true
  },
  "minecraft:recipes/misc/iron_nugget_from_blasting": {
    "criteria": {
      "has_iron_pickaxe": "2024-06-12 00:44:22 +0000"
    },
    "done": true
  },
  "armorplus:recipes/armorplus.items/crafting/shaped/storage/lava_crystal": {
    "criteria": {
      "has_req": "2024-06-12 00:44:38 +0000"
    },
    "done": true
  },
  "travelersbackpack:recipes/misc/skeleton": {
    "criteria": {
      "has_arrow": "2024-06-12 00:49:44 +0000"
    },
    "done": true
  },
  "minecraft:story/obtain_armor": {
    "criteria": {
      "iron_boots": "2024-06-12 00:49:54 +0000"
    },
    "done": true
  },
  "apotheosis:affix/random": {
    "criteria": {
      "sword": "2024-06-12 00:49:54 +0000"
    },
    "done": true
  },
  "minecraft:recipes/brewing/fermented_spider_eye": {
    "criteria": {
      "has_spider_eye": "2024-06-12 00:49:54 +0000"
    },
    "done": true
  },
  "apotheosis:affix/rare": {
    "criteria": {
      "sword": "2024-06-12 00:49:54 +0000"
    },
    "done": true
  },
  "grimoireofgaia:main/flesh_lich": {
    "criteria": {
      "kill": "2024-06-12 00:50:25 +0000"
    },
    "done": true
  },
  "skilltree:recipes/misc/golden_ring": {
    "criteria": {
      "has_nuggets_gold": "2024-06-12 00:50:26 +0000"
    },
    "done": true
  },
  "minecraft:recipes/misc/blue_dye": {
    "criteria": {
      "has_lapis_lazuli": "2024-06-12 00:50:26 +0000"
    },
    "done": true
  },
  "minecraft:recipes/building_blocks/lapis_block": {
    "criteria": {
      "has_lapis_lazuli": "2024-06-12 00:50:26 +0000"
    },
    "done": true
  },
  "minecraft:recipes/misc/gold_ingot_from_nuggets": {
    "criteria": {
      "has_gold_nugget": "2024-06-12 00:50:26 +0000"
    },
    "done": true
  },
  "minecraft:recipes/brewing/golden_carrot": {
    "criteria": {
      "has_gold_nugget": "2024-06-12 00:50:26 +0000"
    },
    "done": true
  },
  "skilltree:recipes/misc/simple_necklace": {
    "criteria": {
      "has_nuggets_gold": "2024-06-12 00:50:26 +0000"
    },
    "done": true
  },
  "armorplus:recipes/armorplus.weapons/crafting/shaped/lapis/lapis_arrow": {
    "criteria": {
      "has_req": "2024-06-12 00:50:26 +0000"
    },
    "done": true
  },
  "travelersbackpack:recipes/misc/lapis": {
    "criteria": {
      "has_lapis_lazuli": "2024-06-12 00:50:26 +0000"
    },
    "done": true
  },
  "jitl:recipes/misc/item.minecraft.leather_smelting": {
    "criteria": {
      "has_item.minecraft.rotten_flesh": "2024-06-12 00:50:27 +0000"
    },
    "done": true
  },
  "jitl:recipes/misc/item.minecraft.leather_blasting": {
    "criteria": {
      "has_item.minecraft.rotten_flesh": "2024-06-12 00:50:27 +0000"
    },
    "done": true
  },
  "tombstone:adventure/chain_death": {
    "criteria": {
      "coded_trigger": "2024-06-12 00:50:38 +0000"
    },
    "done": true
  },
  "armorplus:recipes/armorplus.armors/crafting/shaped/lapis/lapis_helmet": {
    "criteria": {
      "has_req": "2024-06-12 00:51:06 +0000"
    },
    "done": true
  },
  "armorplus:recipes/armorplus.armors/crafting/shaped/lapis/lapis_boots": {
    "criteria": {
      "has_req": "2024-06-12 00:51:06 +0000"
    },
    "done": true
  },
  "armorplus:recipes/armorplus.armors/crafting/shaped/lapis/lapis_helmet_alt": {
    "criteria": {
      "has_req": "2024-06-12 00:51:06 +0000"
    },
    "done": true
  },
  "armorplus:recipes/armorplus.armors/crafting/shaped/lapis/lapis_chestplate": {
    "criteria": {
      "has_req": "2024-06-12 00:51:06 +0000"
    },
    "done": true
  },
  "armorplus:recipes/armorplus.armors/crafting/shaped/lapis/lapis_leggings": {
    "criteria": {
      "has_req": "2024-06-12 00:51:06 +0000"
    },
    "done": true
  },
  "armorplus:recipes/armorplus.armors/crafting/shaped/lapis/lapis_boots_alt": {
    "criteria": {
      "has_req": "2024-06-12 00:51:06 +0000"
    },
    "done": true
  },
  "minecraft:recipes/misc/lapis_lazuli": {
    "criteria": {
      "has_lapis_block": "2024-06-12 00:51:06 +0000"
    },
    "done": true
  },
  "minecraft:recipes/building_blocks/andesite_stairs": {
    "criteria": {
      "has_andesite": "2024-06-12 00:52:34 +0000"
    },
    "done": true
  },
  "minecraft:recipes/decorations/andesite_wall_from_andesite_stonecutting": {
    "criteria": {
      "has_andesite": "2024-06-12 00:52:34 +0000"
    },
    "done": true
  },
  "minecraft:recipes/building_blocks/polished_andesite_slab_from_andesite_stonecutting": {
    "criteria": {
      "has_andesite": "2024-06-12 00:52:34 +0000"
    },
    "done": true
  },
  "minecraft:recipes/building_blocks/andesite_slab_from_andesite_stonecutting": {
    "criteria": {
      "has_andesite": "2024-06-12 00:52:34 +0000"
    },
    "done": true
  },
  "minecraft:recipes/building_blocks/andesite_stairs_from_andesite_stonecutting": {
    "criteria": {
      "has_andesite": "2024-06-12 00:52:34 +0000"
    },
    "done": true
  },
  "minecraft:recipes/building_blocks/polished_andesite_from_andesite_stonecutting": {
    "criteria": {
      "has_andesite": "2024-06-12 00:52:34 +0000"
    },
    "done": true
  },
  "minecraft:recipes/building_blocks/polished_andesite": {
    "criteria": {
      "has_andesite": "2024-06-12 00:52:34 +0000"
    },
    "done": true
  },
  "minecraft:recipes/decorations/andesite_wall": {
    "criteria": {
      "has_andesite": "2024-06-12 00:52:34 +0000"
    },
    "done": true
  },
  "minecraft:recipes/building_blocks/andesite_slab": {
    "criteria": {
      "has_andesite": "2024-06-12 00:52:34 +0000"
    },
    "done": true
  },
  "minecraft:recipes/building_blocks/polished_andesite_stairs_from_andesite_stonecutting": {
    "criteria": {
      "has_andesite": "2024-06-12 00:52:34 +0000"
    },
    "done": true
  },
  "jitl:recipes/misc/cave_dust_2": {
    "criteria": {
      "has_item.jitl.cave_dust": "2024-06-12 00:53:23 +0000"
    },
    "done": true
  },
  "minecraft:recipes/building_blocks/polished_deepslate": {
    "criteria": {
      "has_cobbled_deepslate": "2024-06-12 00:55:32 +0000"
    },
    "done": true
  },
  "minecraft:recipes/building_blocks/deepslate_tile_stairs_from_cobbled_deepslate_stonecutting": {
    "criteria": {
      "has_cobbled_deepslate": "2024-06-12 00:55:32 +0000"
    },
    "done": true
  },
  "minecraft:recipes/building_blocks/deepslate_brick_stairs_from_cobbled_deepslate_stonecutting": {
    "criteria": {
      "has_cobbled_deepslate": "2024-06-12 00:55:32 +0000"
    },
    "done": true
  },
  "minecraft:recipes/building_blocks/chiseled_deepslate_from_cobbled_deepslate_stonecutting": {
    "criteria": {
      "has_cobbled_deepslate": "2024-06-12 00:55:32 +0000"
    },
    "done": true
  },
  "minecraft:recipes/building_blocks/cobbled_deepslate_slab": {
    "criteria": {
      "has_cobbled_deepslate": "2024-06-12 00:55:32 +0000"
    },
    "done": true
  },
  "minecraft:recipes/decorations/cobbled_deepslate_wall_from_cobbled_deepslate_stonecutting": {
    "criteria": {
      "has_cobbled_deepslate": "2024-06-12 00:55:32 +0000"
    },
    "done": true
  },
  "minecraft:recipes/decorations/cobbled_deepslate_wall": {
    "criteria": {
      "has_cobbled_deepslate": "2024-06-12 00:55:32 +0000"
    },
    "done": true
  },
  "minecraft:recipes/decorations/polished_deepslate_wall_from_cobbled_deepslate_stonecutting": {
    "criteria": {
      "has_cobbled_deepslate": "2024-06-12 00:55:32 +0000"
    },
    "done": true
  },
  "minecraft:recipes/building_blocks/cobbled_deepslate_stairs_from_cobbled_deepslate_stonecutting": {
    "criteria": {
      "has_cobbled_deepslate": "2024-06-12 00:55:32 +0000"
    },
    "done": true
  },
  "minecraft:recipes/building_blocks/deepslate": {
    "criteria": {
      "has_cobbled_deepslate": "2024-06-12 00:55:32 +0000"
    },
    "done": true
  },
  "minecraft:recipes/building_blocks/polished_deepslate_stairs_from_cobbled_deepslate_stonecutting": {
    "criteria": {
      "has_cobbled_deepslate": "2024-06-12 00:55:32 +0000"
    },
    "done": true
  },
  "minecraft:recipes/decorations/deepslate_brick_wall_from_cobbled_deepslate_stonecutting": {
    "criteria": {
      "has_cobbled_deepslate": "2024-06-12 00:55:32 +0000"
    },
    "done": true
  },
  "minecraft:recipes/building_blocks/polished_deepslate_from_cobbled_deepslate_stonecutting": {
    "criteria": {
      "has_cobbled_deepslate": "2024-06-12 00:55:32 +0000"
    },
    "done": true
  },
  "minecraft:recipes/building_blocks/polished_deepslate_slab_from_cobbled_deepslate_stonecutting": {
    "criteria": {
      "has_cobbled_deepslate": "2024-06-12 00:55:32 +0000"
    },
    "done": true
  },
  "minecraft:recipes/building_blocks/deepslate_brick_slab_from_cobbled_deepslate_stonecutting": {
    "criteria": {
      "has_cobbled_deepslate": "2024-06-12 00:55:32 +0000"
    },
    "done": true
  },
  "minecraft:recipes/building_blocks/cobbled_deepslate_slab_from_cobbled_deepslate_stonecutting": {
    "criteria": {
      "has_cobbled_deepslate": "2024-06-12 00:55:32 +0000"
    },
    "done": true
  },
  "minecraft:recipes/building_blocks/deepslate_tile_slab_from_cobbled_deepslate_stonecutting": {
    "criteria": {
      "has_cobbled_deepslate": "2024-06-12 00:55:32 +0000"
    },
    "done": true
  },
  "minecraft:recipes/building_blocks/cobbled_deepslate_stairs": {
    "criteria": {
      "has_cobbled_deepslate": "2024-06-12 00:55:32 +0000"
    },
    "done": true
  },
  "minecraft:recipes/decorations/deepslate_tile_wall_from_cobbled_deepslate_stonecutting": {
    "criteria": {
      "has_cobbled_deepslate": "2024-06-12 00:55:32 +0000"
    },
    "done": true
  },
  "minecraft:recipes/building_blocks/deepslate_bricks_from_cobbled_deepslate_stonecutting": {
    "criteria": {
      "has_cobbled_deepslate": "2024-06-12 00:55:32 +0000"
    },
    "done": true
  },
  "minecraft:recipes/building_blocks/deepslate_tiles_from_cobbled_deepslate_stonecutting": {
    "criteria": {
      "has_cobbled_deepslate": "2024-06-12 00:55:32 +0000"
    },
    "done": true
  },
  "tombstone:recipes/from_grave_dust": {
    "criteria": {
      "has_ingredient": "2024-06-12 00:58:33 +0000"
    },
    "done": true
  },
  "minecraft:recipes/combat/diamond_leggings": {
    "criteria": {
      "has_diamond": "2024-06-12 00:58:49 +0000"
    },
    "done": true
  },
  "armorplus:recipes/armorplus.items/crafting/shaped/enhanced/en_diamond": {
    "criteria": {
      "has_req": "2024-06-12 00:58:49 +0000"
    },
    "done": true
  },
  "minecraft:recipes/combat/diamond_sword": {
    "criteria": {
      "has_diamond": "2024-06-12 00:58:49 +0000"
    },
    "done": true
  },
  "minecraft:recipes/decorations/jukebox": {
    "criteria": {
      "has_diamond": "2024-06-12 00:58:49 +0000"
    },
    "done": true
  },
  "minecraft:recipes/combat/diamond_chestplate": {
    "criteria": {
      "has_diamond": "2024-06-12 00:58:49 +0000"
    },
    "done": true
  },
  "minecraft:recipes/tools/diamond_pickaxe": {
    "criteria": {
      "has_diamond": "2024-06-12 00:58:49 +0000"
    },
    "done": true
  },
  "jitl:recipes/misc/dark_gem_2": {
    "criteria": {
      "has_item.minecraft.diamond": "2024-06-12 00:58:49 +0000"
    },
    "done": true
  },
  "minecraft:recipes/tools/diamond_hoe": {
    "criteria": {
      "has_diamond": "2024-06-12 00:58:49 +0000"
    },
    "done": true
  },
  "minecraft:recipes/tools/diamond_shovel": {
    "criteria": {
      "has_diamond": "2024-06-12 00:58:49 +0000"
    },
    "done": true
  },
  "minecraft:recipes/combat/diamond_boots": {
    "criteria": {
      "has_diamond": "2024-06-12 00:58:49 +0000"
    },
    "done": true
  },
  "travelersbackpack:recipes/misc/diamond_tier_upgrade": {
    "criteria": {
      "has_diamond": "2024-06-12 00:58:49 +0000"
    },
    "done": true
  },
  "grimoireofgaia:recipes/misc/quill": {
    "criteria": {
      "has_diamond": "2024-06-12 00:58:49 +0000"
    },
    "done": true
  },
  "skilltree:recipes/combat/diamond_quiver": {
    "criteria": {
      "has_gems_diamond": "2024-06-12 00:58:49 +0000"
    },
    "done": true
  },
  "minecraft:recipes/combat/diamond_helmet": {
    "criteria": {
      "has_diamond": "2024-06-12 00:58:49 +0000"
    },
    "done": true
  },
  "travelersbackpack:recipes/misc/diamond": {
    "criteria": {
      "has_diamond": "2024-06-12 00:58:49 +0000"
    },
    "done": true
  },
  "minecraft:recipes/building_blocks/diamond_block": {
    "criteria": {
      "has_diamond": "2024-06-12 00:58:49 +0000"
    },
    "done": true
  },
  "ironchest:recipes/decorations/chests/gold_diamond_chest": {
    "criteria": {
      "has_diamonds": "2024-06-12 00:58:49 +0000"
    },
    "done": true
  },
  "minecraft:story/mine_diamond": {
    "criteria": {
      "diamond": "2024-06-12 00:58:49 +0000"
    },
    "done": true
  },
  "minecraft:recipes/tools/diamond_axe": {
    "criteria": {
      "has_diamond": "2024-06-12 00:58:49 +0000"
    },
    "done": true
  },
  "apotheosis:affix/boss": {
    "criteria": {
      "sword": "2024-06-12 01:00:42 +0000"
    },
    "done": true
  },
  "minecraft:recipes/misc/gold_ingot_from_blasting_raw_gold": {
    "criteria": {
      "has_raw_gold": "2024-06-12 01:04:57 +0000"
    },
    "done": true
  },
  "minecraft:recipes/misc/gold_ingot_from_smelting_raw_gold": {
    "criteria": {
      "has_raw_gold": "2024-06-12 01:04:57 +0000"
    },
    "done": true
  },
  "minecraft:recipes/building_blocks/raw_gold_block": {
    "criteria": {
      "has_raw_gold": "2024-06-12 01:04:57 +0000"
    },
    "done": true
  },
  "minecraft:recipes/transportation/cherry_boat": {
    "criteria": {
      "in_water": "2024-06-12 01:05:46 +0000"
    },
    "done": true
  },
  "minecraft:recipes/transportation/bamboo_raft": {
    "criteria": {
      "in_water": "2024-06-12 01:05:46 +0000"
    },
    "done": true
  },
  "minecraft:recipes/transportation/spruce_boat": {
    "criteria": {
      "in_water": "2024-06-12 01:05:46 +0000"
    },
    "done": true
  },
  "minecraft:recipes/transportation/birch_boat": {
    "criteria": {
      "in_water": "2024-06-12 01:05:46 +0000"
    },
    "done": true
  },
  "minecraft:recipes/transportation/oak_boat": {
    "criteria": {
      "in_water": "2024-06-12 01:05:46 +0000"
    },
    "done": true
  },
  "minecraft:recipes/transportation/mangrove_boat": {
    "criteria": {
      "in_water": "2024-06-12 01:05:46 +0000"
    },
    "done": true
  },
  "minecraft:recipes/transportation/acacia_boat": {
    "criteria": {
      "in_water": "2024-06-12 01:05:46 +0000"
    },
    "done": true
  },
  "minecraft:recipes/transportation/jungle_boat": {
    "criteria": {
      "in_water": "2024-06-12 01:05:46 +0000"
    },
    "done": true
  },
  "minecraft:recipes/transportation/dark_oak_boat": {
    "criteria": {
      "in_water": "2024-06-12 01:05:46 +0000"
    },
    "done": true
  },
  "tombstone:adventure/ashes_and_bones": {
    "criteria": {
      "coded_trigger": "2024-06-12 01:07:09 +0000"
    },
    "done": true
  },
  "armorplus:recipes/armorplus.items/crafting/shapeless/storage/lava_shard_to_item_adv": {
    "criteria": {
      "has_req": "2024-06-12 01:07:47 +0000"
    },
    "done": true
  },
  "armorplus:recipes/armorplus.blocks/crafting/shaped/storage/block_lava_crystal": {
    "criteria": {
      "has_req": "2024-06-12 01:07:47 +0000"
    },
    "done": true
  },
  "minecraft:recipes/brewing/cauldron": {
    "criteria": {
      "has_water_bucket": "2024-06-12 01:08:39 +0000"
    },
    "done": true
  },
  "grimoireofgaia:main/bone_knight": {
    "criteria": {
      "kill": "2024-06-12 01:09:11 +0000"
    },
    "done": true
  },
  "ironchest:recipes/decorations/chests/diamond_obsidian_chest": {
    "criteria": {
      "has_obsidian": "2024-06-12 01:10:09 +0000"
    },
    "done": true
  },
  "armorplus:recipes/armorplus.weapons/crafting/shaped/obsidian/obsidian_arrow": {
    "criteria": {
      "has_req": "2024-06-12 01:10:09 +0000"
    },
    "done": true
  },
  "editenchanting:recipes/decorations/enchantment_edit_table": {
    "criteria": {
      "has_obsidian": "2024-06-12 01:10:09 +0000"
    },
    "done": true
  },
  "minecraft:recipes/tools/flint_and_steel": {
    "criteria": {
      "has_obsidian": "2024-06-12 01:10:09 +0000"
    },
    "done": true
  },
  "armorplus:recipes/armorplus.items/crafting/shapeless/obsidian_stick_adv": {
    "criteria": {
      "has_req": "2024-06-12 01:10:09 +0000"
    },
    "done": true
  },
  "minecraft:story/form_obsidian": {
    "criteria": {
      "obsidian": "2024-06-12 01:10:09 +0000"
    },
    "done": true
  },
  "armorplus:recipes/building_blocks/crafting/shapeless/obsidian_stick_adv": {
    "criteria": {
      "has_req": "2024-06-12 01:10:09 +0000"
    },
    "done": true
  },
  "armorplus:recipes/armorplus.blocks/crafting/shaped/storage/compressed_obsidian": {
    "criteria": {
      "has_req": "2024-06-12 01:10:09 +0000"
    },
    "done": true
  },
  "minecraft:recipes/decorations/enchanting_table": {
    "criteria": {
      "has_obsidian": "2024-06-12 01:10:09 +0000"
    },
    "done": true
  },
  "armorplus:recipes/armorplus.items/crafting/shaped/ender_dragon/ender_dragon_pickaxe_base": {
    "criteria": {
      "has_req": "2024-06-12 01:10:26 +0000"
    },
    "done": true
  },
  "armorplus:recipes/armorplus.weapons/crafting/shaped/infused_lava/infused_lava_sword": {
    "criteria": {
      "has_req": "2024-06-12 01:10:26 +0000"
    },
    "done": true
  },
  "armorplus:recipes/armorplus.weapons/crafting/shaped/infused_lava/infused_lava_battle_axe": {
    "criteria": {
      "has_req": "2024-06-12 01:10:26 +0000"
    },
    "done": true
  },
  "armorplus:recipes/armorplus.items/crafting/shaped/super_star/super_star_pickaxe_base": {
    "criteria": {
      "has_req": "2024-06-12 01:10:26 +0000"
    },
    "done": true
  },
  "armorplus:recipes/armorplus.weapons/crafting/shaped/guardian/guardian_mace": {
    "criteria": {
      "has_req": "2024-06-12 01:10:26 +0000"
    },
    "done": true
  },
  "armorplus:recipes/armorplus.weapons/crafting/shaped/super_star/super_star_mace": {
    "criteria": {
      "has_req": "2024-06-12 01:10:26 +0000"
    },
    "done": true
  },
  "armorplus:recipes/armorplus.items/crafting/shaped/super_star/super_star_sword_base": {
    "criteria": {
      "has_req": "2024-06-12 01:10:26 +0000"
    },
    "done": true
  },
  "armorplus:recipes/armorplus.items/crafting/shaped/guardian/guardian_battle_axe_base": {
    "criteria": {
      "has_req": "2024-06-12 01:10:26 +0000"
    },
    "done": true
  },
  "armorplus:recipes/armorplus.weapons/crafting/shaped/guardian/guardian_mace_alt": {
    "criteria": {
      "has_req": "2024-06-12 01:10:26 +0000"
    },
    "done": true
  },
  "armorplus:recipes/armorplus.items/crafting/shaped/guardian/guardian_pickaxe_base": {
    "criteria": {
      "has_req": "2024-06-12 01:10:26 +0000"
    },
    "done": true
  },
  "armorplus:recipes/armorplus.weapons/crafting/shaped/ender_dragon/ender_dragon_mace_alt": {
    "criteria": {
      "has_req": "2024-06-12 01:10:26 +0000"
    },
    "done": true
  },
  "armorplus:recipes/armorplus.items/crafting/shaped/ender_dragon/ender_dragon_sword_base": {
    "criteria": {
      "has_req": "2024-06-12 01:10:26 +0000"
    },
    "done": true
  },
  "armorplus:recipes/armorplus.items/crafting/shaped/super_star/super_star_battle_axe_base": {
    "criteria": {
      "has_req": "2024-06-12 01:10:26 +0000"
    },
    "done": true
  },
  "armorplus:recipes/armorplus.items/crafting/shaped/slayer/slayer_pickaxe_base": {
    "criteria": {
      "has_req": "2024-06-12 01:10:26 +0000"
    },
    "done": true
  },
  "armorplus:recipes/armorplus.weapons/crafting/shaped/infused_lava/infused_lava_pickaxe": {
    "criteria": {
      "has_req": "2024-06-12 01:10:26 +0000"
    },
    "done": true
  },
  "armorplus:recipes/armorplus.weapons/crafting/shaped/super_star/super_star_mace_alt": {
    "criteria": {
      "has_req": "2024-06-12 01:10:26 +0000"
    },
    "done": true
  },
  "armorplus:recipes/armorplus.weapons/crafting/shaped/ender_dragon/ender_dragon_mace": {
    "criteria": {
      "has_req": "2024-06-12 01:10:26 +0000"
    },
    "done": true
  },
  "armorplus:recipes/armorplus.weapons/crafting/shaped/infused_lava/infused_lava_mace_alt": {
    "criteria": {
      "has_req": "2024-06-12 01:10:26 +0000"
    },
    "done": true
  },
  "armorplus:recipes/armorplus.items/crafting/shaped/slayer/slayer_battle_axe_base": {
    "criteria": {
      "has_req": "2024-06-12 01:10:26 +0000"
    },
    "done": true
  },
  "armorplus:recipes/armorplus.weapons/crafting/shaped/infused_lava/infused_lava_mace": {
    "criteria": {
      "has_req": "2024-06-12 01:10:26 +0000"
    },
    "done": true
  },
  "armorplus:recipes/armorplus.items/crafting/shaped/guardian/guardian_sword_base": {
    "criteria": {
      "has_req": "2024-06-12 01:10:26 +0000"
    },
    "done": true
  },
  "armorplus:recipes/armorplus.items/crafting/shaped/slayer/slayer_sword_base": {
    "criteria": {
      "has_req": "2024-06-12 01:10:26 +0000"
    },
    "done": true
  },
  "armorplus:recipes/armorplus.items/crafting/shaped/ender_dragon/ender_dragon_battle_axe_base": {
    "criteria": {
      "has_req": "2024-06-12 01:10:26 +0000"
    },
    "done": true
  },
  "minecraft:recipes/redstone/lightning_rod": {
    "criteria": {
      "has_copper_ingot": "2024-06-12 01:10:55 +0000"
    },
    "done": true
  },
  "ironchest:recipes/decorations/chests/vanilla_copper_chest": {
    "criteria": {
      "has_copper_ingot": "2024-06-12 01:10:55 +0000"
    },
    "done": true
  },
  "ironchest:recipes/decorations/upgrades/wood_to_copper_chest_upgrade": {
    "criteria": {
      "has_copper_ingot": "2024-06-12 01:10:55 +0000"
    },
    "done": true
  },
  "minecraft:recipes/building_blocks/copper_block": {
    "criteria": {
      "has_copper_ingot": "2024-06-12 01:10:55 +0000"
    },
    "done": true
  },
  "minecraft:recipes/tools/brush": {
    "criteria": {
      "has_copper_ingot": "2024-06-12 01:10:55 +0000"
    },
    "done": true
  },
  "skilltree:recipes/misc/copper_nugget": {
    "criteria": {
      "has_ingots_copper": "2024-06-12 01:10:55 +0000"
    },
    "done": true
  },
  "grimoireofgaia:main/deathword": {
    "criteria": {
      "kill": "2024-06-12 01:13:13 +0000"
    },
    "done": true
  },
  "minecraft:recipes/misc/book": {
    "criteria": {
      "has_paper": "2024-06-12 01:13:14 +0000"
    },
    "done": true
  },
  "minecraft:recipes/decorations/cartography_table": {
    "criteria": {
      "has_paper": "2024-06-12 01:13:14 +0000"
    },
    "done": true
  },
  "minecraft:recipes/misc/iron_ingot_from_nuggets": {
    "criteria": {
      "has_iron_nugget": "2024-06-12 01:13:14 +0000"
    },
    "done": true
  },
  "skilltree:recipes/misc/iron_ring": {
    "criteria": {
      "has_nuggets_iron": "2024-06-12 01:13:14 +0000"
    },
    "done": true
  },
  "travelersbackpack:recipes/misc/creeper": {
    "criteria": {
      "has_gunpowder": "2024-06-12 01:13:19 +0000"
    },
    "done": true
  },
  "minecraft:recipes/misc/firework_rocket_simple": {
    "criteria": {
      "has_gunpowder": "2024-06-12 01:13:19 +0000"
    },
    "done": true
  },
  "minecraft:recipes/redstone/tnt": {
    "criteria": {
      "has_gunpowder": "2024-06-12 01:13:19 +0000"
    },
    "done": true
  },
  "jitl:recipes/tools/sapphire_hoe": {
    "criteria": {
      "has_item.jitl.sapphire": "2024-06-12 01:16:30 +0000"
    },
    "done": true
  },
  "jitl:recipes/tools/sapphire_pickaxe": {
    "criteria": {
      "has_item.jitl.sapphire": "2024-06-12 01:16:30 +0000"
    },
    "done": true
  },
  "jitl:recipes/tools/sapphire_shovel": {
    "criteria": {
      "has_item.jitl.sapphire": "2024-06-12 01:16:30 +0000"
    },
    "done": true
  },
  "jitl:recipes/combat/sapphire_leggings": {
    "criteria": {
      "has_item.jitl.sapphire": "2024-06-12 01:16:30 +0000"
    },
    "done": true
  },
  "jitl:recipes/combat/sapphire_boots": {
    "criteria": {
      "has_item.jitl.sapphire": "2024-06-12 01:16:30 +0000"
    },
    "done": true
  },
  "jitl:recipes/combat/sapphire_helmet": {
    "criteria": {
      "has_item.jitl.sapphire": "2024-06-12 01:16:30 +0000"
    },
    "done": true
  },
  "jitl:recipes/combat/sapphire_sword": {
    "criteria": {
      "has_item.jitl.sapphire": "2024-06-12 01:16:30 +0000"
    },
    "done": true
  },
  "jitl:recipes/building_blocks/sapphire_block": {
    "criteria": {
      "has_item.jitl.sapphire": "2024-06-12 01:16:30 +0000"
    },
    "done": true
  },
  "jitl:recipes/tools/sapphire_axe": {
    "criteria": {
      "has_item.jitl.sapphire": "2024-06-12 01:16:30 +0000"
    },
    "done": true
  },
  "jitl:recipes/combat/sapphire_chestplate": {
    "criteria": {
      "has_item.jitl.sapphire": "2024-06-12 01:16:30 +0000"
    },
    "done": true
  },
  "jitl:recipes/building_blocks/iridium_block": {
    "criteria": {
      "has_item.jitl.iridium_nugget": "2024-06-12 01:18:39 +0000"
    },
    "done": true
  },
  "jitl:recipes/misc/item.jitl.shadium_ingot_raw_smelting": {
    "criteria": {
      "has_item.jitl.raw_shadium": "2024-06-12 01:20:16 +0000"
    },
    "done": true
  },
  "jitl:recipes/misc/item.jitl.shadium_ingot_raw_blasting": {
    "criteria": {
      "has_item.jitl.raw_shadium": "2024-06-12 01:20:16 +0000"
    },
    "done": true
  },
  "grimoireofgaia:main/mimic": {
    "criteria": {
      "kill": "2024-06-12 01:20:29 +0000"
    },
    "done": true
  },
  "minecraft:adventure/sleep_in_bed": {
    "criteria": {
      "slept_in_bed": "2024-06-12 01:23:29 +0000"
    },
    "done": true
  },
  "minecraft:recipes/redstone/target": {
    "criteria": {
      "has_hay_block": "2024-06-12 23:11:27 +0000"
    },
    "done": true
  },
  "minecraft:recipes/misc/wheat": {
    "criteria": {
      "has_hay_block": "2024-06-12 23:11:27 +0000"
    },
    "done": true
  },
  "minecraft:adventure/trade": {
    "criteria": {
      "traded": "2024-06-12 23:11:53 +0000"
    },
    "done": true
  },
  "minecraft:recipes/food/bread": {
    "criteria": {
      "has_wheat": "2024-06-12 23:12:03 +0000"
    },
    "done": true
  },
  "minecraft:recipes/building_blocks/hay_block": {
    "criteria": {
      "has_wheat": "2024-06-12 23:12:03 +0000"
    },
    "done": true
  },
  "travelersbackpack:recipes/misc/hay": {
    "criteria": {
      "has_wheat": "2024-06-12 23:12:03 +0000"
    },
    "done": true
  },
  "minecraft:recipes/building_blocks/oak_planks": {
    "criteria": {
      "has_logs": "2024-06-12 23:18:06 +0000"
    },
    "done": true
  },
  "minecraft:recipes/building_blocks/oak_wood": {
    "criteria": {
      "has_log": "2024-06-12 23:18:06 +0000"
    },
    "done": true
  },
  "grimoireofgaia:main/harpy": {
    "criteria": {
      "kill": "2024-06-12 23:18:14 +0000"
    },
    "done": true
  },
  "minecraft:recipes/decorations/oak_sign": {
    "criteria": {
      "has_planks": "2024-06-12 23:18:24 +0000"
    },
    "done": true
  },
  "minecraft:recipes/redstone/oak_trapdoor": {
    "criteria": {
      "has_planks": "2024-06-12 23:18:24 +0000"
    },
    "done": true
  },
  "minecraft:recipes/building_blocks/oak_stairs": {
    "criteria": {
      "has_planks": "2024-06-12 23:18:24 +0000"
    },
    "done": true
  },
  "minecraft:recipes/decorations/oak_fence": {
    "criteria": {
      "has_planks": "2024-06-12 23:18:24 +0000"
    },
    "done": true
  },
  "minecraft:recipes/redstone/oak_button": {
    "criteria": {
      "has_planks": "2024-06-12 23:18:24 +0000"
    },
    "done": true
  },
  "minecraft:recipes/building_blocks/oak_slab": {
    "criteria": {
      "has_planks": "2024-06-12 23:18:24 +0000"
    },
    "done": true
  },
  "minecraft:recipes/redstone/oak_fence_gate": {
    "criteria": {
      "has_planks": "2024-06-12 23:18:24 +0000"
    },
    "done": true
  },
  "minecraft:recipes/redstone/oak_pressure_plate": {
    "criteria": {
      "has_planks": "2024-06-12 23:18:24 +0000"
    },
    "done": true
  },
  "minecraft:recipes/redstone/oak_door": {
    "criteria": {
      "has_planks": "2024-06-12 23:18:24 +0000"
    },
    "done": true
  },
  "grimoireofgaia:recipes/misc/experience_iron": {
    "criteria": {
      "has_iron_box": "2024-06-12 23:18:27 +0000"
    },
    "done": true
  },
  "minecraft:recipes/building_blocks/bookshelf": {
    "criteria": {
      "has_book": "2024-06-12 23:20:23 +0000"
    },
    "done": true
  },
  "minecraft:recipes/redstone/lectern": {
    "criteria": {
      "has_book": "2024-06-12 23:20:23 +0000"
    },
    "done": true
  },
  "minecraft:recipes/building_blocks/chiseled_bookshelf": {
    "criteria": {
      "has_book": "2024-06-12 23:20:23 +0000"
    },
    "done": true
  },
  "minecraft:recipes/misc/writable_book": {
    "criteria": {
      "has_book": "2024-06-12 23:20:23 +0000"
    },
    "done": true
  },
  "travelersbackpack:recipes/misc/bookshelf": {
    "criteria": {
      "has_book": "2024-06-12 23:20:23 +0000"
    },
    "done": true
  },
  "apotheosis:affix/chests": {
    "criteria": {
      "sword": "2024-06-12 23:21:27 +0000"
    },
    "done": true
  },
  "minecraft:recipes/tools/golden_axe": {
    "criteria": {
      "has_gold_ingot": "2024-06-12 23:29:18 +0000"
    },
    "done": true
  },
  "skilltree:recipes/combat/gilded_quiver": {
    "criteria": {
      "has_ingots_gold": "2024-06-12 23:29:18 +0000"
    },
    "done": true
  },
  "minecraft:recipes/tools/golden_pickaxe": {
    "criteria": {
      "has_gold_ingot": "2024-06-12 23:29:18 +0000"
    },
    "done": true
  },
  "minecraft:recipes/misc/gold_nugget": {
    "criteria": {
      "has_gold_ingot": "2024-06-12 23:29:18 +0000"
    },
    "done": true
  },
  "minecraft:recipes/tools/golden_shovel": {
    "criteria": {
      "has_gold_ingot": "2024-06-12 23:29:18 +0000"
    },
    "done": true
  },
  "minecraft:recipes/food/golden_apple": {
    "criteria": {
      "has_gold_ingot": "2024-06-12 23:29:18 +0000"
    },
    "done": true
  },
  "minecraft:recipes/combat/golden_boots": {
    "criteria": {
      "has_gold_ingot": "2024-06-12 23:29:18 +0000"
    },
    "done": true
  },
  "minecraft:recipes/combat/golden_helmet": {
    "criteria": {
      "has_gold_ingot": "2024-06-12 23:29:18 +0000"
    },
    "done": true
  },
  "jitl:recipes/misc/flame_coin": {
    "criteria": {
      "has_item.minecraft.gold_ingot": "2024-06-12 23:29:18 +0000"
    },
    "done": true
  },
  "minecraft:recipes/combat/golden_chestplate": {
    "criteria": {
      "has_gold_ingot": "2024-06-12 23:29:18 +0000"
    },
    "done": true
  },
  "travelersbackpack:recipes/misc/gold": {
    "criteria": {
      "has_gold_ingot": "2024-06-12 23:29:18 +0000"
    },
    "done": true
  },
  "minecraft:recipes/redstone/light_weighted_pressure_plate": {
    "criteria": {
      "has_gold_ingot": "2024-06-12 23:29:18 +0000"
    },
    "done": true
  },
  "giacomos_exp:recipes/misc/show_recipe": {
    "criteria": {
      "has_gold_ingot": "2024-06-12 23:29:18 +0000"
    },
    "done": true
  },
  "ironchest:recipes/decorations/chests/iron_gold_chest": {
    "criteria": {
      "has_gold_ingot": "2024-06-12 23:29:18 +0000"
    },
    "done": true
  },
  "minecraft:recipes/combat/golden_sword": {
    "criteria": {
      "has_gold_ingot": "2024-06-12 23:29:18 +0000"
    },
    "done": true
  },
  "minecraft:recipes/building_blocks/gold_block": {
    "criteria": {
      "has_gold_ingot": "2024-06-12 23:29:18 +0000"
    },
    "done": true
  },
  "armorplus:recipes/armorplus.items/crafting/shaped/enhanced/en_gold": {
    "criteria": {
      "has_req": "2024-06-12 23:29:18 +0000"
    },
    "done": true
  },
  "travelersbackpack:recipes/misc/gold_tier_upgrade": {
    "criteria": {
      "has_gold_ingot": "2024-06-12 23:29:18 +0000"
    },
    "done": true
  },
  "minecraft:recipes/tools/golden_hoe": {
    "criteria": {
      "has_gold_ingot": "2024-06-12 23:29:18 +0000"
    },
    "done": true
  },
  "minecraft:recipes/combat/golden_leggings": {
    "criteria": {
      "has_gold_ingot": "2024-06-12 23:29:18 +0000"
    },
    "done": true
  },
  "minecraft:recipes/misc/iron_ingot_from_blasting_iron_ore": {
    "criteria": {
      "has_iron_ore": "2024-06-12 23:34:42 +0000"
    },
    "done": true
  },
  "minecraft:recipes/misc/iron_ingot_from_smelting_iron_ore": {
    "criteria": {
      "has_iron_ore": "2024-06-12 23:34:42 +0000"
    },
    "done": true
  },
  "minecraft:recipes/misc/mojang_banner_pattern": {
    "criteria": {
      "has_enchanted_golden_apple": "2024-06-12 23:36:15 +0000"
    },
    "done": true
  },
  "tombstone:adventure/create_magic_tablet": {
    "criteria": {
      "has_magic_tablet": "2024-06-12 23:38:40 +0000"
    },
    "done": true
  },
  "grimoireofgaia:main/shaman": {
    "criteria": {
      "kill": "2024-06-12 23:40:04 +0000"
    },
    "done": true
  },
  "tombstone:adventure/find_grave_dust": {
    "criteria": {
      "from_undead": "2024-06-12 23:40:08 +0000"
    },
    "done": true
  },
  "minecraft:recipes/building_blocks/jungle_planks": {
    "criteria": {
      "has_logs": "2024-06-13 00:21:49 +0000"
    },
    "done": true
  },
  "DataVersion": 3465
}